[{"model": "admin.logentry", "pk": 1, "fields": {"action_time": "2023-07-08T14:37:54.150Z", "user": 3, "content_type": 4, "object_id": "3", "object_repr": "ADMIN", "action_flag": 2, "change_message": "[{\"changed\": {\"fields\": [\"First name\"]}}]"}}, {"model": "admin.logentry", "pk": 2, "fields": {"action_time": "2023-07-08T14:38:15.574Z", "user": 3, "content_type": 4, "object_id": "2", "object_repr": "Andrey", "action_flag": 2, "change_message": "[{\"changed\": {\"fields\": [\"First name\"]}}]"}}, {"model": "admin.logentry", "pk": 3, "fields": {"action_time": "2023-07-08T14:38:29.130Z", "user": 3, "content_type": 4, "object_id": "1", "object_repr": "Alex", "action_flag": 2, "change_message": "[{\"changed\": {\"fields\": [\"First name\", \"Last name\"]}}]"}}, {"model": "admin.logentry", "pk": 4, "fields": {"action_time": "2023-07-08T14:38:44.785Z", "user": 3, "content_type": 4, "object_id": "1", "object_repr": "Alex", "action_flag": 2, "change_message": "[{\"changed\": {\"fields\": [\"Email address\"]}}]"}}, {"model": "admin.logentry", "pk": 5, "fields": {"action_time": "2023-07-13T07:35:00.935Z", "user": 3, "content_type": 8, "object_id": "6", "object_repr": "Post object (6)", "action_flag": 1, "change_message": "[{\"added\": {}}]"}}, {"model": "admin.logentry", "pk": 6, "fields": {"action_time": "2023-07-13T07:38:25.041Z", "user": 3, "content_type": 8, "object_id": "7", "object_repr": "Post object (7)", "action_flag": 1, "change_message": "[{\"added\": {}}]"}}, {"model": "admin.logentry", "pk": 7, "fields": {"action_time": "2023-07-13T07:39:46.028Z", "user": 3, "content_type": 8, "object_id": "8", "object_repr": "Post object (8)", "action_flag": 1, "change_message": "[{\"added\": {}}]"}}, {"model": "admin.logentry", "pk": 8, "fields": {"action_time": "2023-07-13T07:40:57.997Z", "user": 3, "content_type": 8, "object_id": "9", "object_repr": "Post object (9)", "action_flag": 1, "change_message": "[{\"added\": {}}]"}}, {"model": "admin.logentry", "pk": 9, "fields": {"action_time": "2023-07-13T07:42:28.531Z", "user": 3, "content_type": 8, "object_id": "10", "object_repr": "Post object (10)", "action_flag": 1, "change_message": "[{\"added\": {}}]"}}, {"model": "admin.logentry", "pk": 10, "fields": {"action_time": "2023-07-13T07:45:08.279Z", "user": 3, "content_type": 8, "object_id": "11", "object_repr": "Post object (11)", "action_flag": 1, "change_message": "[{\"added\": {}}]"}}, {"model": "admin.logentry", "pk": 11, "fields": {"action_time": "2023-07-13T07:45:57.095Z", "user": 3, "content_type": 8, "object_id": "12", "object_repr": "Post object (12)", "action_flag": 1, "change_message": "[{\"added\": {}}]"}}, {"model": "admin.logentry", "pk": 12, "fields": {"action_time": "2023-07-13T07:47:08.590Z", "user": 3, "content_type": 8, "object_id": "13", "object_repr": "Post object (13)", "action_flag": 1, "change_message": "[{\"added\": {}}]"}}, {"model": "admin.logentry", "pk": 13, "fields": {"action_time": "2023-07-13T07:50:54.988Z", "user": 3, "content_type": 8, "object_id": "14", "object_repr": "Post object (14)", "action_flag": 1, "change_message": "[{\"added\": {}}]"}}, {"model": "admin.logentry", "pk": 14, "fields": {"action_time": "2023-07-13T07:53:04.400Z", "user": 3, "content_type": 8, "object_id": "15", "object_repr": "Post object (15)", "action_flag": 1, "change_message": "[{\"added\": {}}]"}}, {"model": "admin.logentry", "pk": 15, "fields": {"action_time": "2023-07-13T07:54:47.921Z", "user": 3, "content_type": 8, "object_id": "16", "object_repr": "Post object (16)", "action_flag": 1, "change_message": "[{\"added\": {}}]"}}, {"model": "admin.logentry", "pk": 16, "fields": {"action_time": "2023-07-20T03:48:57.254Z", "user": 3, "content_type": 8, "object_id": "17", "object_repr": "Post object (17)", "action_flag": 1, "change_message": "[{\"added\": {}}]"}}, {"model": "admin.logentry", "pk": 17, "fields": {"action_time": "2023-07-20T03:51:01.276Z", "user": 3, "content_type": 8, "object_id": "18", "object_repr": "Post object (18)", "action_flag": 1, "change_message": "[{\"added\": {}}]"}}, {"model": "admin.logentry", "pk": 18, "fields": {"action_time": "2023-07-20T03:53:16.067Z", "user": 3, "content_type": 8, "object_id": "19", "object_repr": "Post object (19)", "action_flag": 1, "change_message": "[{\"added\": {}}]"}}, {"model": "admin.logentry", "pk": 19, "fields": {"action_time": "2023-07-20T03:55:06.349Z", "user": 3, "content_type": 8, "object_id": "20", "object_repr": "Post object (20)", "action_flag": 1, "change_message": "[{\"added\": {}}]"}}, {"model": "admin.logentry", "pk": 20, "fields": {"action_time": "2023-07-20T03:57:02.016Z", "user": 3, "content_type": 8, "object_id": "21", "object_repr": "Post object (21)", "action_flag": 1, "change_message": "[{\"added\": {}}]"}}, {"model": "admin.logentry", "pk": 21, "fields": {"action_time": "2023-07-20T03:59:08.957Z", "user": 3, "content_type": 8, "object_id": "22", "object_repr": "Post object (22)", "action_flag": 1, "change_message": "[{\"added\": {}}]"}}, {"model": "admin.logentry", "pk": 22, "fields": {"action_time": "2023-07-20T05:35:34.656Z", "user": 3, "content_type": 11, "object_id": "2", "object_repr": "Category object (2)", "action_flag": 3, "change_message": ""}}, {"model": "admin.logentry", "pk": 23, "fields": {"action_time": "2023-07-24T12:57:45.599Z", "user": 3, "content_type": 7, "object_id": "3", "object_repr": "PostCategory object (3)", "action_flag": 2, "change_message": "[{\"changed\": {\"fields\": [\"CategoryThrough\"]}}]"}}, {"model": "admin.logentry", "pk": 24, "fields": {"action_time": "2023-07-24T12:58:04.154Z", "user": 3, "content_type": 7, "object_id": "6", "object_repr": "PostCategory object (6)", "action_flag": 1, "change_message": "[{\"added\": {}}]"}}, {"model": "admin.logentry", "pk": 25, "fields": {"action_time": "2023-07-24T12:58:41.091Z", "user": 3, "content_type": 7, "object_id": "6", "object_repr": "PostCategory object (6)", "action_flag": 2, "change_message": "[{\"changed\": {\"fields\": [\"CategoryThrough\"]}}]"}}, {"model": "admin.logentry", "pk": 26, "fields": {"action_time": "2023-07-24T12:58:55.754Z", "user": 3, "content_type": 7, "object_id": "1", "object_repr": "PostCategory object (1)", "action_flag": 2, "change_message": "[{\"changed\": {\"fields\": [\"CategoryThrough\"]}}]"}}, {"model": "admin.logentry", "pk": 27, "fields": {"action_time": "2023-07-24T13:00:44.801Z", "user": 3, "content_type": 7, "object_id": "7", "object_repr": "PostCategory object (7)", "action_flag": 1, "change_message": "[{\"added\": {}}]"}}, {"model": "admin.logentry", "pk": 28, "fields": {"action_time": "2023-07-24T13:01:23.695Z", "user": 3, "content_type": 7, "object_id": "7", "object_repr": "PostCategory object (7)", "action_flag": 3, "change_message": ""}}, {"model": "admin.logentry", "pk": 29, "fields": {"action_time": "2023-07-24T13:01:35.959Z", "user": 3, "content_type": 7, "object_id": "8", "object_repr": "PostCategory object (8)", "action_flag": 1, "change_message": "[{\"added\": {}}]"}}, {"model": "admin.logentry", "pk": 30, "fields": {"action_time": "2023-07-24T13:02:42.263Z", "user": 3, "content_type": 7, "object_id": "9", "object_repr": "PostCategory object (9)", "action_flag": 1, "change_message": "[{\"added\": {}}]"}}, {"model": "admin.logentry", "pk": 31, "fields": {"action_time": "2023-07-24T13:02:55.351Z", "user": 3, "content_type": 7, "object_id": "10", "object_repr": "PostCategory object (10)", "action_flag": 1, "change_message": "[{\"added\": {}}]"}}, {"model": "admin.logentry", "pk": 32, "fields": {"action_time": "2023-07-24T13:03:53.767Z", "user": 3, "content_type": 7, "object_id": "11", "object_repr": "PostCategory object (11)", "action_flag": 1, "change_message": "[{\"added\": {}}]"}}, {"model": "admin.logentry", "pk": 33, "fields": {"action_time": "2023-07-24T13:04:27.916Z", "user": 3, "content_type": 7, "object_id": "12", "object_repr": "PostCategory object (12)", "action_flag": 1, "change_message": "[{\"added\": {}}]"}}, {"model": "admin.logentry", "pk": 34, "fields": {"action_time": "2023-07-24T13:04:40.565Z", "user": 3, "content_type": 7, "object_id": "13", "object_repr": "PostCategory object (13)", "action_flag": 1, "change_message": "[{\"added\": {}}]"}}, {"model": "admin.logentry", "pk": 35, "fields": {"action_time": "2023-07-24T13:04:51.631Z", "user": 3, "content_type": 7, "object_id": "13", "object_repr": "PostCategory object (13)", "action_flag": 2, "change_message": "[{\"changed\": {\"fields\": [\"PostThrough\"]}}]"}}, {"model": "admin.logentry", "pk": 36, "fields": {"action_time": "2023-07-24T13:05:01.249Z", "user": 3, "content_type": 7, "object_id": "14", "object_repr": "PostCategory object (14)", "action_flag": 1, "change_message": "[{\"added\": {}}]"}}, {"model": "admin.logentry", "pk": 37, "fields": {"action_time": "2023-07-24T13:06:10.740Z", "user": 3, "content_type": 7, "object_id": "15", "object_repr": "PostCategory object (15)", "action_flag": 1, "change_message": "[{\"added\": {}}]"}}, {"model": "admin.logentry", "pk": 38, "fields": {"action_time": "2023-07-24T13:08:49.998Z", "user": 3, "content_type": 7, "object_id": "16", "object_repr": "PostCategory object (16)", "action_flag": 1, "change_message": "[{\"added\": {}}]"}}, {"model": "admin.logentry", "pk": 39, "fields": {"action_time": "2023-07-24T13:26:09.654Z", "user": 3, "content_type": 8, "object_id": "5", "object_repr": "Post object (5)", "action_flag": 2, "change_message": "[]"}}, {"model": "admin.logentry", "pk": 40, "fields": {"action_time": "2023-07-24T16:40:01.975Z", "user": 3, "content_type": 8, "object_id": "1", "object_repr": "Django Unchained", "action_flag": 2, "change_message": "[{\"changed\": {\"fields\": [\"Author\", \"Content\"]}}]"}}, {"model": "admin.logentry", "pk": 41, "fields": {"action_time": "2023-07-24T16:40:17.026Z", "user": 3, "content_type": 8, "object_id": "2", "object_repr": "Go IT", "action_flag": 2, "change_message": "[]"}}, {"model": "admin.logentry", "pk": 42, "fields": {"action_time": "2023-07-24T16:40:37.186Z", "user": 3, "content_type": 8, "object_id": "3", "object_repr": "ROCK is alive", "action_flag": 2, "change_message": "[{\"changed\": {\"fields\": [\"Rating\"]}}]"}}, {"model": "admin.logentry", "pk": 43, "fields": {"action_time": "2023-07-26T22:21:44.937Z", "user": 3, "content_type": 9, "object_id": "2", "object_repr": "Andrey", "action_flag": 2, "change_message": "[{\"changed\": {\"fields\": [\"RatingAut\"]}}]"}}, {"model": "admin.logentry", "pk": 44, "fields": {"action_time": "2023-07-26T22:27:40.677Z", "user": 3, "content_type": 4, "object_id": "1", "object_repr": "Alex", "action_flag": 2, "change_message": "[{\"changed\": {\"fields\": [\"password\"]}}]"}}, {"model": "admin.logentry", "pk": 45, "fields": {"action_time": "2023-07-26T22:32:06.767Z", "user": 3, "content_type": 4, "object_id": "4", "object_repr": "Anton", "action_flag": 1, "change_message": "[{\"added\": {}}]"}}, {"model": "admin.logentry", "pk": 46, "fields": {"action_time": "2023-07-26T22:33:02.258Z", "user": 3, "content_type": 4, "object_id": "4", "object_repr": "Anton", "action_flag": 2, "change_message": "[{\"changed\": {\"fields\": [\"First name\", \"Last name\", \"Email address\"]}}]"}}, {"model": "admin.logentry", "pk": 47, "fields": {"action_time": "2023-07-27T07:43:33.673Z", "user": 5, "content_type": 4, "object_id": "1", "object_repr": "Alex", "action_flag": 2, "change_message": "[{\"changed\": {\"fields\": [\"password\"]}}]"}}, {"model": "admin.logentry", "pk": 48, "fields": {"action_time": "2023-07-27T07:45:42.129Z", "user": 5, "content_type": 4, "object_id": "1", "object_repr": "Alex", "action_flag": 2, "change_message": "[{\"changed\": {\"fields\": [\"password\"]}}]"}}, {"model": "admin.logentry", "pk": 49, "fields": {"action_time": "2023-07-27T07:46:48.210Z", "user": 5, "content_type": 4, "object_id": "6", "object_repr": "Alesha", "action_flag": 1, "change_message": "[{\"added\": {}}]"}}, {"model": "admin.logentry", "pk": 50, "fields": {"action_time": "2023-07-27T07:48:41.888Z", "user": 5, "content_type": 4, "object_id": "6", "object_repr": "Alesha", "action_flag": 2, "change_message": "[{\"changed\": {\"fields\": [\"First name\", \"Last name\"]}}]"}}, {"model": "admin.logentry", "pk": 51, "fields": {"action_time": "2023-07-27T07:49:18.812Z", "user": 5, "content_type": 4, "object_id": "6", "object_repr": "Alesha", "action_flag": 2, "change_message": "[{\"changed\": {\"fields\": [\"Last name\", \"Email address\"]}}]"}}, {"model": "admin.logentry", "pk": 52, "fields": {"action_time": "2023-07-27T08:04:54.768Z", "user": 5, "content_type": 9, "object_id": "3", "object_repr": "ADMIN", "action_flag": 1, "change_message": "[{\"added\": {}}]"}}, {"model": "admin.logentry", "pk": 53, "fields": {"action_time": "2023-08-12T15:15:17.386Z", "user": 3, "content_type": 4, "object_id": "1", "object_repr": "Alex", "action_flag": 2, "change_message": "[{\"changed\": {\"fields\": [\"password\"]}}]"}}, {"model": "admin.logentry", "pk": 54, "fields": {"action_time": "2023-08-12T15:15:33.709Z", "user": 3, "content_type": 4, "object_id": "4", "object_repr": "Anton", "action_flag": 2, "change_message": "[{\"changed\": {\"fields\": [\"password\"]}}]"}}, {"model": "admin.logentry", "pk": 55, "fields": {"action_time": "2023-08-12T15:24:26.708Z", "user": 3, "content_type": 4, "object_id": "2", "object_repr": "Andrey", "action_flag": 2, "change_message": "[{\"changed\": {\"fields\": [\"password\"]}}]"}}, {"model": "admin.logentry", "pk": 56, "fields": {"action_time": "2023-08-12T15:24:44.722Z", "user": 3, "content_type": 4, "object_id": "1", "object_repr": "Alex", "action_flag": 2, "change_message": "[{\"changed\": {\"fields\": [\"password\"]}}]"}}, {"model": "admin.logentry", "pk": 57, "fields": {"action_time": "2023-08-12T15:24:59.321Z", "user": 3, "content_type": 4, "object_id": "6", "object_repr": "Alesha", "action_flag": 2, "change_message": "[{\"changed\": {\"fields\": [\"password\"]}}]"}}, {"model": "admin.logentry", "pk": 58, "fields": {"action_time": "2023-08-12T15:28:56.280Z", "user": 5, "content_type": 12, "object_id": "1", "object_repr": "127.0.0.1", "action_flag": 2, "change_message": "[{\"changed\": {\"fields\": [\"Domain name\"]}}]"}}, {"model": "admin.logentry", "pk": 59, "fields": {"action_time": "2023-08-12T15:38:47.726Z", "user": 5, "content_type": 4, "object_id": "7", "object_repr": "kr", "action_flag": 3, "change_message": ""}}, {"model": "admin.logentry", "pk": 60, "fields": {"action_time": "2023-08-12T15:40:02.128Z", "user": 5, "content_type": 12, "object_id": "1", "object_repr": "127.0.0.1", "action_flag": 2, "change_message": "[]"}}, {"model": "admin.logentry", "pk": 61, "fields": {"action_time": "2023-08-12T15:42:24.637Z", "user": 5, "content_type": 17, "object_id": "1", "object_repr": "Yandex_Name", "action_flag": 1, "change_message": "[{\"added\": {}}]"}}, {"model": "admin.logentry", "pk": 62, "fields": {"action_time": "2023-08-12T16:46:26.462Z", "user": 3, "content_type": 3, "object_id": "1", "object_repr": "Authors", "action_flag": 1, "change_message": "[{\"added\": {}}]"}}, {"model": "admin.logentry", "pk": 63, "fields": {"action_time": "2023-08-12T16:46:50.931Z", "user": 3, "content_type": 4, "object_id": "1", "object_repr": "Alex", "action_flag": 2, "change_message": "[{\"changed\": {\"fields\": [\"Groups\"]}}]"}}, {"model": "admin.logentry", "pk": 64, "fields": {"action_time": "2023-08-12T16:47:14.250Z", "user": 3, "content_type": 4, "object_id": "2", "object_repr": "Andrey", "action_flag": 2, "change_message": "[{\"changed\": {\"fields\": [\"Groups\"]}}]"}}, {"model": "admin.logentry", "pk": 65, "fields": {"action_time": "2023-08-12T16:48:59.001Z", "user": 3, "content_type": 3, "object_id": "2", "object_repr": "Guest", "action_flag": 1, "change_message": "[{\"added\": {}}]"}}, {"model": "admin.logentry", "pk": 66, "fields": {"action_time": "2023-08-12T16:49:25.886Z", "user": 3, "content_type": 4, "object_id": "3", "object_repr": "ADMIN", "action_flag": 2, "change_message": "[{\"changed\": {\"fields\": [\"Groups\"]}}]"}}, {"model": "admin.logentry", "pk": 67, "fields": {"action_time": "2023-08-12T16:49:36.835Z", "user": 3, "content_type": 4, "object_id": "6", "object_repr": "Alesha", "action_flag": 2, "change_message": "[{\"changed\": {\"fields\": [\"Groups\"]}}]"}}, {"model": "admin.logentry", "pk": 68, "fields": {"action_time": "2023-08-12T16:49:45.152Z", "user": 3, "content_type": 4, "object_id": "1", "object_repr": "Alex", "action_flag": 2, "change_message": "[]"}}, {"model": "admin.logentry", "pk": 69, "fields": {"action_time": "2023-08-12T16:49:51.549Z", "user": 3, "content_type": 4, "object_id": "2", "object_repr": "Andrey", "action_flag": 2, "change_message": "[]"}}, {"model": "admin.logentry", "pk": 70, "fields": {"action_time": "2023-08-12T16:50:01.785Z", "user": 3, "content_type": 4, "object_id": "4", "object_repr": "Anton", "action_flag": 2, "change_message": "[{\"changed\": {\"fields\": [\"Groups\"]}}]"}}, {"model": "admin.logentry", "pk": 71, "fields": {"action_time": "2023-08-12T16:50:12.119Z", "user": 3, "content_type": 4, "object_id": "8", "object_repr": "SHUM75", "action_flag": 2, "change_message": "[{\"changed\": {\"fields\": [\"Groups\"]}}]"}}, {"model": "admin.logentry", "pk": 72, "fields": {"action_time": "2023-08-12T16:50:21.755Z", "user": 3, "content_type": 4, "object_id": "5", "object_repr": "admin", "action_flag": 2, "change_message": "[{\"changed\": {\"fields\": [\"Groups\"]}}]"}}, {"model": "admin.logentry", "pk": 73, "fields": {"action_time": "2023-08-12T17:23:37.517Z", "user": 3, "content_type": 4, "object_id": "9", "object_repr": "ne_author", "action_flag": 3, "change_message": ""}}, {"model": "admin.logentry", "pk": 74, "fields": {"action_time": "2023-08-12T17:25:26.674Z", "user": 3, "content_type": 4, "object_id": "10", "object_repr": "Krakozybra", "action_flag": 2, "change_message": "[{\"changed\": {\"fields\": [\"Username\", \"First name\", \"Last name\"]}}]"}}, {"model": "admin.logentry", "pk": 75, "fields": {"action_time": "2023-08-13T14:23:57.442Z", "user": 3, "content_type": 3, "object_id": "3", "object_repr": "Admin", "action_flag": 1, "change_message": "[{\"added\": {}}]"}}, {"model": "admin.logentry", "pk": 76, "fields": {"action_time": "2023-08-13T14:24:13.332Z", "user": 3, "content_type": 4, "object_id": "3", "object_repr": "ADMIN", "action_flag": 2, "change_message": "[{\"changed\": {\"fields\": [\"Groups\"]}}]"}}, {"model": "admin.logentry", "pk": 77, "fields": {"action_time": "2023-08-13T14:24:26.553Z", "user": 3, "content_type": 4, "object_id": "6", "object_repr": "Alesha", "action_flag": 2, "change_message": "[]"}}, {"model": "admin.logentry", "pk": 78, "fields": {"action_time": "2023-08-13T14:24:35.823Z", "user": 3, "content_type": 4, "object_id": "1", "object_repr": "Alex", "action_flag": 2, "change_message": "[]"}}, {"model": "admin.logentry", "pk": 79, "fields": {"action_time": "2023-08-13T14:24:54.798Z", "user": 3, "content_type": 4, "object_id": "2", "object_repr": "Andrey", "action_flag": 2, "change_message": "[]"}}, {"model": "admin.logentry", "pk": 80, "fields": {"action_time": "2023-08-13T14:25:04.747Z", "user": 3, "content_type": 4, "object_id": "4", "object_repr": "Anton", "action_flag": 2, "change_message": "[]"}}, {"model": "admin.logentry", "pk": 81, "fields": {"action_time": "2023-08-13T14:25:11.636Z", "user": 3, "content_type": 4, "object_id": "10", "object_repr": "Krakozybra", "action_flag": 2, "change_message": "[]"}}, {"model": "admin.logentry", "pk": 82, "fields": {"action_time": "2023-08-13T14:25:46.832Z", "user": 3, "content_type": 4, "object_id": "8", "object_repr": "SHUM75", "action_flag": 2, "change_message": "[]"}}, {"model": "admin.logentry", "pk": 83, "fields": {"action_time": "2023-08-13T14:25:56.912Z", "user": 3, "content_type": 4, "object_id": "5", "object_repr": "admin", "action_flag": 2, "change_message": "[{\"changed\": {\"fields\": [\"Groups\"]}}]"}}, {"model": "admin.logentry", "pk": 84, "fields": {"action_time": "2023-08-13T16:57:28.276Z", "user": 3, "content_type": 3, "object_id": "1", "object_repr": "Authors", "action_flag": 2, "change_message": "[{\"changed\": {\"fields\": [\"Permissions\"]}}]"}}, {"model": "admin.logentry", "pk": 85, "fields": {"action_time": "2023-08-13T16:58:03.488Z", "user": 3, "content_type": 3, "object_id": "2", "object_repr": "Guest", "action_flag": 2, "change_message": "[{\"changed\": {\"fields\": [\"Permissions\"]}}]"}}, {"model": "admin.logentry", "pk": 86, "fields": {"action_time": "2023-10-25T12:34:35.244Z", "user": 3, "content_type": 19, "object_id": "2", "object_repr": "Subscriber object (2)", "action_flag": 3, "change_message": ""}}, {"model": "admin.logentry", "pk": 87, "fields": {"action_time": "2023-10-25T12:34:35.262Z", "user": 3, "content_type": 19, "object_id": "1", "object_repr": "Subscriber object (1)", "action_flag": 3, "change_message": ""}}, {"model": "admin.logentry", "pk": 88, "fields": {"action_time": "2023-10-25T12:54:01.314Z", "user": 3, "content_type": 19, "object_id": "4", "object_repr": "Subscriber object (4)", "action_flag": 3, "change_message": ""}}, {"model": "admin.logentry", "pk": 89, "fields": {"action_time": "2023-10-25T12:54:01.330Z", "user": 3, "content_type": 19, "object_id": "3", "object_repr": "Subscriber object (3)", "action_flag": 3, "change_message": ""}}, {"model": "admin.logentry", "pk": 90, "fields": {"action_time": "2023-10-25T12:54:30.775Z", "user": 3, "content_type": 19, "object_id": "5", "object_repr": "Subscriber object (5)", "action_flag": 3, "change_message": ""}}, {"model": "admin.logentry", "pk": 91, "fields": {"action_time": "2023-10-25T13:19:52.935Z", "user": 3, "content_type": 19, "object_id": "14", "object_repr": "Subscriber object (14)", "action_flag": 3, "change_message": ""}}, {"model": "admin.logentry", "pk": 92, "fields": {"action_time": "2023-10-25T13:19:52.953Z", "user": 3, "content_type": 19, "object_id": "13", "object_repr": "Subscriber object (13)", "action_flag": 3, "change_message": ""}}, {"model": "admin.logentry", "pk": 93, "fields": {"action_time": "2023-10-25T13:19:52.958Z", "user": 3, "content_type": 19, "object_id": "12", "object_repr": "Subscriber object (12)", "action_flag": 3, "change_message": ""}}, {"model": "admin.logentry", "pk": 94, "fields": {"action_time": "2023-10-25T13:19:52.962Z", "user": 3, "content_type": 19, "object_id": "11", "object_repr": "Subscriber object (11)", "action_flag": 3, "change_message": ""}}, {"model": "admin.logentry", "pk": 95, "fields": {"action_time": "2023-10-25T13:19:52.965Z", "user": 3, "content_type": 19, "object_id": "10", "object_repr": "Subscriber object (10)", "action_flag": 3, "change_message": ""}}, {"model": "admin.logentry", "pk": 96, "fields": {"action_time": "2023-10-25T13:19:52.968Z", "user": 3, "content_type": 19, "object_id": "9", "object_repr": "Subscriber object (9)", "action_flag": 3, "change_message": ""}}, {"model": "admin.logentry", "pk": 97, "fields": {"action_time": "2023-10-25T21:32:49.100Z", "user": 3, "content_type": 8, "object_id": "26", "object_repr": "zzzzzz", "action_flag": 3, "change_message": ""}}, {"model": "admin.logentry", "pk": 98, "fields": {"action_time": "2023-10-25T21:32:49.116Z", "user": 3, "content_type": 8, "object_id": "25", "object_repr": "рррр", "action_flag": 3, "change_message": ""}}, {"model": "admin.logentry", "pk": 99, "fields": {"action_time": "2023-10-25T21:32:49.122Z", "user": 3, "content_type": 8, "object_id": "24", "object_repr": "ТВ1", "action_flag": 3, "change_message": ""}}, {"model": "admin.logentry", "pk": 100, "fields": {"action_time": "2023-10-25T21:32:49.126Z", "user": 3, "content_type": 8, "object_id": "23", "object_repr": "ТВ", "action_flag": 3, "change_message": ""}}, {"model": "admin.logentry", "pk": 101, "fields": {"action_time": "2023-10-27T10:02:42.843Z", "user": 3, "content_type": 8, "object_id": "42", "object_repr": "ssss", "action_flag": 3, "change_message": ""}}, {"model": "admin.logentry", "pk": 102, "fields": {"action_time": "2023-10-27T10:02:42.847Z", "user": 3, "content_type": 8, "object_id": "41", "object_repr": "yyyyy", "action_flag": 3, "change_message": ""}}, {"model": "admin.logentry", "pk": 103, "fields": {"action_time": "2023-10-27T10:02:42.852Z", "user": 3, "content_type": 8, "object_id": "40", "object_repr": "hhhhh", "action_flag": 3, "change_message": ""}}, {"model": "admin.logentry", "pk": 104, "fields": {"action_time": "2023-10-27T10:02:42.857Z", "user": 3, "content_type": 8, "object_id": "39", "object_repr": "ddff", "action_flag": 3, "change_message": ""}}, {"model": "admin.logentry", "pk": 105, "fields": {"action_time": "2023-10-27T10:02:42.862Z", "user": 3, "content_type": 8, "object_id": "38", "object_repr": "ittt", "action_flag": 3, "change_message": ""}}, {"model": "admin.logentry", "pk": 106, "fields": {"action_time": "2023-10-27T10:02:42.867Z", "user": 3, "content_type": 8, "object_id": "37", "object_repr": "lgcddfgb", "action_flag": 3, "change_message": ""}}, {"model": "admin.logentry", "pk": 107, "fields": {"action_time": "2023-10-27T10:02:42.872Z", "user": 3, "content_type": 8, "object_id": "36", "object_repr": "hhh", "action_flag": 3, "change_message": ""}}, {"model": "admin.logentry", "pk": 108, "fields": {"action_time": "2023-10-27T10:38:08.586Z", "user": 3, "content_type": 8, "object_id": "43", "object_repr": "аааа", "action_flag": 3, "change_message": ""}}, {"model": "admin.logentry", "pk": 109, "fields": {"action_time": "2023-10-27T13:37:44.973Z", "user": 3, "content_type": 8, "object_id": "45", "object_repr": "Фишинг в соцсетях. Как социальные сети помогают хакерам", "action_flag": 2, "change_message": "[{\"changed\": {\"fields\": [\"Type\"]}}]"}}, {"model": "admin.logentry", "pk": 110, "fields": {"action_time": "2023-11-26T22:14:59.811Z", "user": 5, "content_type": 8, "object_id": "46", "object_repr": "Правоохранители закрыли сайты вымогательской группировки Ragnar Locker", "action_flag": 2, "change_message": "[{\"changed\": {\"fields\": [\"Rating\"]}}]"}}, {"model": "admin.logentry", "pk": 111, "fields": {"action_time": "2023-11-26T22:17:02.241Z", "user": 5, "content_type": 9, "object_id": "4", "object_repr": "andrey1", "action_flag": 1, "change_message": "[{\"added\": {}}]"}}, {"model": "admin.logentry", "pk": 112, "fields": {"action_time": "2023-11-26T22:17:05.833Z", "user": 5, "content_type": 9, "object_id": "4", "object_repr": "andrey1", "action_flag": 2, "change_message": "[]"}}, {"model": "admin.logentry", "pk": 113, "fields": {"action_time": "2023-11-26T22:17:23.402Z", "user": 5, "content_type": 8, "object_id": "46", "object_repr": "+Правоохранители закрыли сайты вымогательской группировки Ragnar Locker", "action_flag": 2, "change_message": "[{\"changed\": {\"fields\": [\"Title\"]}}]"}}, {"model": "admin.logentry", "pk": 114, "fields": {"action_time": "2023-11-26T22:20:25.653Z", "user": 3, "content_type": 4, "object_id": "11", "object_repr": "andrey1", "action_flag": 2, "change_message": "[{\"changed\": {\"fields\": [\"Groups\"]}}]"}}, {"model": "admin.logentry", "pk": 115, "fields": {"action_time": "2023-11-26T22:25:58.635Z", "user": 3, "content_type": 4, "object_id": "11", "object_repr": "andrey1", "action_flag": 2, "change_message": "[{\"changed\": {\"fields\": [\"Last name\"]}}]"}}, {"model": "auth.permission", "pk": 1, "fields": {"name": "Can add log entry", "content_type": 1, "codename": "add_logentry"}}, {"model": "auth.permission", "pk": 2, "fields": {"name": "Can change log entry", "content_type": 1, "codename": "change_logentry"}}, {"model": "auth.permission", "pk": 3, "fields": {"name": "Can delete log entry", "content_type": 1, "codename": "delete_logentry"}}, {"model": "auth.permission", "pk": 4, "fields": {"name": "Can view log entry", "content_type": 1, "codename": "view_logentry"}}, {"model": "auth.permission", "pk": 5, "fields": {"name": "Can add permission", "content_type": 2, "codename": "add_permission"}}, {"model": "auth.permission", "pk": 6, "fields": {"name": "Can change permission", "content_type": 2, "codename": "change_permission"}}, {"model": "auth.permission", "pk": 7, "fields": {"name": "Can delete permission", "content_type": 2, "codename": "delete_permission"}}, {"model": "auth.permission", "pk": 8, "fields": {"name": "Can view permission", "content_type": 2, "codename": "view_permission"}}, {"model": "auth.permission", "pk": 9, "fields": {"name": "Can add group", "content_type": 3, "codename": "add_group"}}, {"model": "auth.permission", "pk": 10, "fields": {"name": "Can change group", "content_type": 3, "codename": "change_group"}}, {"model": "auth.permission", "pk": 11, "fields": {"name": "Can delete group", "content_type": 3, "codename": "delete_group"}}, {"model": "auth.permission", "pk": 12, "fields": {"name": "Can view group", "content_type": 3, "codename": "view_group"}}, {"model": "auth.permission", "pk": 13, "fields": {"name": "Can add user", "content_type": 4, "codename": "add_user"}}, {"model": "auth.permission", "pk": 14, "fields": {"name": "Can change user", "content_type": 4, "codename": "change_user"}}, {"model": "auth.permission", "pk": 15, "fields": {"name": "Can delete user", "content_type": 4, "codename": "delete_user"}}, {"model": "auth.permission", "pk": 16, "fields": {"name": "Can view user", "content_type": 4, "codename": "view_user"}}, {"model": "auth.permission", "pk": 17, "fields": {"name": "Can add content type", "content_type": 5, "codename": "add_contenttype"}}, {"model": "auth.permission", "pk": 18, "fields": {"name": "Can change content type", "content_type": 5, "codename": "change_contenttype"}}, {"model": "auth.permission", "pk": 19, "fields": {"name": "Can delete content type", "content_type": 5, "codename": "delete_contenttype"}}, {"model": "auth.permission", "pk": 20, "fields": {"name": "Can view content type", "content_type": 5, "codename": "view_contenttype"}}, {"model": "auth.permission", "pk": 21, "fields": {"name": "Can add session", "content_type": 6, "codename": "add_session"}}, {"model": "auth.permission", "pk": 22, "fields": {"name": "Can change session", "content_type": 6, "codename": "change_session"}}, {"model": "auth.permission", "pk": 23, "fields": {"name": "Can delete session", "content_type": 6, "codename": "delete_session"}}, {"model": "auth.permission", "pk": 24, "fields": {"name": "Can view session", "content_type": 6, "codename": "view_session"}}, {"model": "auth.permission", "pk": 25, "fields": {"name": "Can add post category", "content_type": 7, "codename": "add_postcategory"}}, {"model": "auth.permission", "pk": 26, "fields": {"name": "Can change post category", "content_type": 7, "codename": "change_postcategory"}}, {"model": "auth.permission", "pk": 27, "fields": {"name": "Can delete post category", "content_type": 7, "codename": "delete_postcategory"}}, {"model": "auth.permission", "pk": 28, "fields": {"name": "Can view post category", "content_type": 7, "codename": "view_postcategory"}}, {"model": "auth.permission", "pk": 29, "fields": {"name": "Can add post", "content_type": 8, "codename": "add_post"}}, {"model": "auth.permission", "pk": 30, "fields": {"name": "Can change post", "content_type": 8, "codename": "change_post"}}, {"model": "auth.permission", "pk": 31, "fields": {"name": "Can delete post", "content_type": 8, "codename": "delete_post"}}, {"model": "auth.permission", "pk": 32, "fields": {"name": "Can view post", "content_type": 8, "codename": "view_post"}}, {"model": "auth.permission", "pk": 33, "fields": {"name": "Can add author", "content_type": 9, "codename": "add_author"}}, {"model": "auth.permission", "pk": 34, "fields": {"name": "Can change author", "content_type": 9, "codename": "change_author"}}, {"model": "auth.permission", "pk": 35, "fields": {"name": "Can delete author", "content_type": 9, "codename": "delete_author"}}, {"model": "auth.permission", "pk": 36, "fields": {"name": "Can view author", "content_type": 9, "codename": "view_author"}}, {"model": "auth.permission", "pk": 37, "fields": {"name": "Can add comment", "content_type": 10, "codename": "add_comment"}}, {"model": "auth.permission", "pk": 38, "fields": {"name": "Can change comment", "content_type": 10, "codename": "change_comment"}}, {"model": "auth.permission", "pk": 39, "fields": {"name": "Can delete comment", "content_type": 10, "codename": "delete_comment"}}, {"model": "auth.permission", "pk": 40, "fields": {"name": "Can view comment", "content_type": 10, "codename": "view_comment"}}, {"model": "auth.permission", "pk": 41, "fields": {"name": "Can add category", "content_type": 11, "codename": "add_category"}}, {"model": "auth.permission", "pk": 42, "fields": {"name": "Can change category", "content_type": 11, "codename": "change_category"}}, {"model": "auth.permission", "pk": 43, "fields": {"name": "Can delete category", "content_type": 11, "codename": "delete_category"}}, {"model": "auth.permission", "pk": 44, "fields": {"name": "Can view category", "content_type": 11, "codename": "view_category"}}, {"model": "auth.permission", "pk": 45, "fields": {"name": "Can add site", "content_type": 12, "codename": "add_site"}}, {"model": "auth.permission", "pk": 46, "fields": {"name": "Can change site", "content_type": 12, "codename": "change_site"}}, {"model": "auth.permission", "pk": 47, "fields": {"name": "Can delete site", "content_type": 12, "codename": "delete_site"}}, {"model": "auth.permission", "pk": 48, "fields": {"name": "Can view site", "content_type": 12, "codename": "view_site"}}, {"model": "auth.permission", "pk": 49, "fields": {"name": "Can add flat page", "content_type": 13, "codename": "add_flatpage"}}, {"model": "auth.permission", "pk": 50, "fields": {"name": "Can change flat page", "content_type": 13, "codename": "change_flatpage"}}, {"model": "auth.permission", "pk": 51, "fields": {"name": "Can delete flat page", "content_type": 13, "codename": "delete_flatpage"}}, {"model": "auth.permission", "pk": 52, "fields": {"name": "Can view flat page", "content_type": 13, "codename": "view_flatpage"}}, {"model": "auth.permission", "pk": 53, "fields": {"name": "Can add email address", "content_type": 14, "codename": "add_emailaddress"}}, {"model": "auth.permission", "pk": 54, "fields": {"name": "Can change email address", "content_type": 14, "codename": "change_emailaddress"}}, {"model": "auth.permission", "pk": 55, "fields": {"name": "Can delete email address", "content_type": 14, "codename": "delete_emailaddress"}}, {"model": "auth.permission", "pk": 56, "fields": {"name": "Can view email address", "content_type": 14, "codename": "view_emailaddress"}}, {"model": "auth.permission", "pk": 57, "fields": {"name": "Can add email confirmation", "content_type": 15, "codename": "add_emailconfirmation"}}, {"model": "auth.permission", "pk": 58, "fields": {"name": "Can change email confirmation", "content_type": 15, "codename": "change_emailconfirmation"}}, {"model": "auth.permission", "pk": 59, "fields": {"name": "Can delete email confirmation", "content_type": 15, "codename": "delete_emailconfirmation"}}, {"model": "auth.permission", "pk": 60, "fields": {"name": "Can view email confirmation", "content_type": 15, "codename": "view_emailconfirmation"}}, {"model": "auth.permission", "pk": 61, "fields": {"name": "Can add social account", "content_type": 16, "codename": "add_socialaccount"}}, {"model": "auth.permission", "pk": 62, "fields": {"name": "Can change social account", "content_type": 16, "codename": "change_socialaccount"}}, {"model": "auth.permission", "pk": 63, "fields": {"name": "Can delete social account", "content_type": 16, "codename": "delete_socialaccount"}}, {"model": "auth.permission", "pk": 64, "fields": {"name": "Can view social account", "content_type": 16, "codename": "view_socialaccount"}}, {"model": "auth.permission", "pk": 65, "fields": {"name": "Can add social application", "content_type": 17, "codename": "add_socialapp"}}, {"model": "auth.permission", "pk": 66, "fields": {"name": "Can change social application", "content_type": 17, "codename": "change_socialapp"}}, {"model": "auth.permission", "pk": 67, "fields": {"name": "Can delete social application", "content_type": 17, "codename": "delete_socialapp"}}, {"model": "auth.permission", "pk": 68, "fields": {"name": "Can view social application", "content_type": 17, "codename": "view_socialapp"}}, {"model": "auth.permission", "pk": 69, "fields": {"name": "Can add social application token", "content_type": 18, "codename": "add_socialtoken"}}, {"model": "auth.permission", "pk": 70, "fields": {"name": "Can change social application token", "content_type": 18, "codename": "change_socialtoken"}}, {"model": "auth.permission", "pk": 71, "fields": {"name": "Can delete social application token", "content_type": 18, "codename": "delete_socialtoken"}}, {"model": "auth.permission", "pk": 72, "fields": {"name": "Can view social application token", "content_type": 18, "codename": "view_socialtoken"}}, {"model": "auth.permission", "pk": 73, "fields": {"name": "Can add subscriber", "content_type": 19, "codename": "add_subscriber"}}, {"model": "auth.permission", "pk": 74, "fields": {"name": "Can change subscriber", "content_type": 19, "codename": "change_subscriber"}}, {"model": "auth.permission", "pk": 75, "fields": {"name": "Can delete subscriber", "content_type": 19, "codename": "delete_subscriber"}}, {"model": "auth.permission", "pk": 76, "fields": {"name": "Can view subscriber", "content_type": 19, "codename": "view_subscriber"}}, {"model": "auth.permission", "pk": 77, "fields": {"name": "Can add django job", "content_type": 20, "codename": "add_djangojob"}}, {"model": "auth.permission", "pk": 78, "fields": {"name": "Can change django job", "content_type": 20, "codename": "change_djangojob"}}, {"model": "auth.permission", "pk": 79, "fields": {"name": "Can delete django job", "content_type": 20, "codename": "delete_djangojob"}}, {"model": "auth.permission", "pk": 80, "fields": {"name": "Can view django job", "content_type": 20, "codename": "view_djangojob"}}, {"model": "auth.permission", "pk": 81, "fields": {"name": "Can add django job execution", "content_type": 21, "codename": "add_djangojobexecution"}}, {"model": "auth.permission", "pk": 82, "fields": {"name": "Can change django job execution", "content_type": 21, "codename": "change_djangojobexecution"}}, {"model": "auth.permission", "pk": 83, "fields": {"name": "Can delete django job execution", "content_type": 21, "codename": "delete_djangojobexecution"}}, {"model": "auth.permission", "pk": 84, "fields": {"name": "Can view django job execution", "content_type": 21, "codename": "view_djangojobexecution"}}, {"model": "auth.group", "pk": 1, "fields": {"name": "Authors", "permissions": [29, 30, 31]}}, {"model": "auth.group", "pk": 2, "fields": {"name": "Guest", "permissions": [33]}}, {"model": "auth.group", "pk": 3, "fields": {"name": "Admin", "permissions": [33, 34, 35, 36]}}, {"model": "auth.user", "pk": 1, "fields": {"password": "pbkdf2_sha256$600000$gAGhjoHoAMdXoBycKqEb9c$xUslKaWxMbolkXlVGyxooMiAD24zMcQrDdrDMTl9yLw=", "last_login": "2023-11-26T10:37:32.845Z", "is_superuser": false, "username": "Alex", "first_name": "user", "last_name": "Author", "email": "user@gmail.com", "is_staff": false, "is_active": true, "date_joined": "2023-06-29T21:59:35Z", "groups": [1], "user_permissions": []}}, {"model": "auth.user", "pk": 2, "fields": {"password": "pbkdf2_sha256$600000$7EYMWEILRVh4URW3D3Qpx6$MIR79cQ51YMuxCumFX5aW5Fak+f8dDYCqo8JialTvAM=", "last_login": "2023-11-16T11:03:19.477Z", "is_superuser": false, "username": "Andrey", "first_name": "Андрей", "last_name": "Author", "email": "Andrey@mail.com", "is_staff": false, "is_active": true, "date_joined": "2023-06-29T21:59:51Z", "groups": [1], "user_permissions": []}}, {"model": "auth.user", "pk": 3, "fields": {"password": "pbkdf2_sha256$600000$pr6KSL3E8hvHeddclTCPVX$HGFVRJYWQw4KqBeSV53mkKuddjOSjxJm3ACqTWTW0gU=", "last_login": "2023-11-16T11:00:43.336Z", "is_superuser": true, "username": "ADMIN", "first_name": "Андрей", "last_name": "", "email": "ADMIN@zhiza.net", "is_staff": true, "is_active": true, "date_joined": "2023-07-08T13:50:38Z", "groups": [1, 2, 3], "user_permissions": []}}, {"model": "auth.user", "pk": 4, "fields": {"password": "pbkdf2_sha256$600000$fFV9KJSIOMouulDm0rEjfk$SHUWyZDxVt/pLa/DUoqIsbWnJX0LlvXn4gBaTf1ZmCI=", "last_login": null, "is_superuser": false, "username": "Anton", "first_name": "Антон", "last_name": "neAuthor", "email": "neAuthor@mail.com", "is_staff": false, "is_active": true, "date_joined": "2023-07-26T22:32:06Z", "groups": [2], "user_permissions": []}}, {"model": "auth.user", "pk": 5, "fields": {"password": "pbkdf2_sha256$600000$MTm8G5e6gOSgwS3RpXbljf$Bl4v0qOGX+4Su4/BiW9kh7OmfjsrcHdDe+Qk+4+9Hz4=", "last_login": "2023-11-26T22:16:32.900Z", "is_superuser": true, "username": "admin", "first_name": "", "last_name": "", "email": "admin@mail.com", "is_staff": true, "is_active": true, "date_joined": "2023-07-27T07:40:32Z", "groups": [1, 2, 3], "user_permissions": []}}, {"model": "auth.user", "pk": 6, "fields": {"password": "pbkdf2_sha256$600000$G0c1SGLMnWqh7S1tZ5Jx5n$pwSmh29Xj7kj6Usg/eT4HdCiIxyaBW1GtHSUGM2S0OE=", "last_login": null, "is_superuser": false, "username": "Alesha", "first_name": "Алексей", "last_name": "neAuthor", "email": "neAuthor@mail.com", "is_staff": false, "is_active": true, "date_joined": "2023-07-27T07:46:47Z", "groups": [2], "user_permissions": []}}, {"model": "auth.user", "pk": 8, "fields": {"password": "!lyIKr9hqTmCjdP66NekqBZpc2IJooFDA5drj1ySj", "last_login": "2023-08-13T16:49:37.495Z", "is_superuser": false, "username": "SHUM75", "first_name": "Андрей", "last_name": "Шумаков", "email": "SHUM75@yandex.ru", "is_staff": false, "is_active": true, "date_joined": "2023-08-12T15:43:35Z", "groups": [2], "user_permissions": []}}, {"model": "auth.user", "pk": 10, "fields": {"password": "pbkdf2_sha256$600000$kFVD5NuICIuHxgiRKpF3JQ$5MGXKGtRKUE6xrI/NykwrLslXMyC4hptRZPMYrVojEo=", "last_login": "2023-09-20T20:16:44.648Z", "is_superuser": false, "username": "Krakozybra", "first_name": "Крако", "last_name": "Зябро", "email": "kr@ya.com", "is_staff": false, "is_active": true, "date_joined": "2023-08-12T17:24:37Z", "groups": [2], "user_permissions": []}}, {"model": "auth.user", "pk": 11, "fields": {"password": "pbkdf2_sha256$600000$oQiQRwj6YiDigwaCqF3ubU$JMp2JmpJIGQuLvQvgeQz9zewTAur+9RZs/Bcg0zNRD0=", "last_login": "2023-11-26T22:17:57Z", "is_superuser": false, "username": "andrey1", "first_name": "", "last_name": "avtor", "email": "Andrey1@mail.com", "is_staff": false, "is_active": true, "date_joined": "2023-10-24T12:41:17Z", "groups": [1, 2], "user_permissions": []}}, {"model": "auth.user", "pk": 12, "fields": {"password": "pbkdf2_sha256$600000$DWOzPraRDTUmAlNxl1Vl9z$B6m8JLl5aPQqsYMvgYT01a5GwbDt0pzcKzCk6S5f30Q=", "last_login": "2023-10-25T20:06:55.259Z", "is_superuser": false, "username": "andrey2", "first_name": "", "last_name": "", "email": "Andrey2@mail.com", "is_staff": false, "is_active": true, "date_joined": "2023-10-25T20:05:12.382Z", "groups": [2], "user_permissions": []}}, {"model": "contenttypes.contenttype", "pk": 1, "fields": {"app_label": "admin", "model": "logentry"}}, {"model": "contenttypes.contenttype", "pk": 2, "fields": {"app_label": "auth", "model": "permission"}}, {"model": "contenttypes.contenttype", "pk": 3, "fields": {"app_label": "auth", "model": "group"}}, {"model": "contenttypes.contenttype", "pk": 4, "fields": {"app_label": "auth", "model": "user"}}, {"model": "contenttypes.contenttype", "pk": 5, "fields": {"app_label": "contenttypes", "model": "contenttype"}}, {"model": "contenttypes.contenttype", "pk": 6, "fields": {"app_label": "sessions", "model": "session"}}, {"model": "contenttypes.contenttype", "pk": 7, "fields": {"app_label": "news", "model": "postcategory"}}, {"model": "contenttypes.contenttype", "pk": 8, "fields": {"app_label": "news", "model": "post"}}, {"model": "contenttypes.contenttype", "pk": 9, "fields": {"app_label": "news", "model": "author"}}, {"model": "contenttypes.contenttype", "pk": 10, "fields": {"app_label": "news", "model": "comment"}}, {"model": "contenttypes.contenttype", "pk": 11, "fields": {"app_label": "news", "model": "category"}}, {"model": "contenttypes.contenttype", "pk": 12, "fields": {"app_label": "sites", "model": "site"}}, {"model": "contenttypes.contenttype", "pk": 13, "fields": {"app_label": "flatpages", "model": "flatpage"}}, {"model": "contenttypes.contenttype", "pk": 14, "fields": {"app_label": "account", "model": "emailaddress"}}, {"model": "contenttypes.contenttype", "pk": 15, "fields": {"app_label": "account", "model": "emailconfirmation"}}, {"model": "contenttypes.contenttype", "pk": 16, "fields": {"app_label": "socialaccount", "model": "socialaccount"}}, {"model": "contenttypes.contenttype", "pk": 17, "fields": {"app_label": "socialaccount", "model": "socialapp"}}, {"model": "contenttypes.contenttype", "pk": 18, "fields": {"app_label": "socialaccount", "model": "socialtoken"}}, {"model": "contenttypes.contenttype", "pk": 19, "fields": {"app_label": "subscriptions", "model": "subscriber"}}, {"model": "contenttypes.contenttype", "pk": 20, "fields": {"app_label": "django_apscheduler", "model": "djangojob"}}, {"model": "contenttypes.contenttype", "pk": 21, "fields": {"app_label": "django_apscheduler", "model": "djangojobexecution"}}, {"model": "sessions.session", "pk": "1dujapynv1tjumbv3q8mameaq6yer5hs", "fields": {"session_data": ".eJxVjMsOwiAQRf-FtSE8pi24dO83kGEYpGogKe3K-O_apAvd3nPOfYmA21rC1nkJcxJnYcXpd4tID647SHestyap1XWZo9wVedAury3x83K4fwcFe_nWg_aaCJnAezZqQKcSIkQCzJQNegN6ApogRtDaeG91BjuO2Sl2hpV4fwDylzfF:1qIEUA:at9EWqR3_WpUOsEM1uuyQQDgOXf93YpEJTqpRg1Yguc", "expire_date": "2023-07-22T20:24:54.752Z"}}, {"model": "sessions.session", "pk": "5lm3h22xfmi9v5ty02oe94omrg48cva1", "fields": {"session_data": ".eJxVjt0KwyAMhd_F61H8t-3d9iISU6WyYke1sDH27rPFiy0XgZyTfDlvYmEvs92z32ycyEgYI5df0QHefTocWJZD7gBx3VPpzp1m5-5aJ59KRChxTbd29YeaIc-VYxRzhjIePAjo0SnqaG1KeODOBaCCS6wlQPPAe42aa6mE4BgcHZip0BbhZLenfrJQyMgqmQpDjem4lD0bZI2Qfc41lPXPR9xeZKSfL1SuUd8:1r7NRt:L6xx37ASr6rIRYMJMp5B3m-dTBnSpSa36IKdLbYCR_c", "expire_date": "2023-12-10T22:17:57.247Z"}}, {"model": "sessions.session", "pk": "8apzs4pfig6uvhwpyhqh1592le01zeoq", "fields": {"session_data": ".eJxVjs0OgyAQhN-Fc0P4EVBv7YuQZYFIarARTNo0ffeq4eJxZ2a_mS-xJZSSlmzD-5XWDxnZjVjY6mS3ElabPBmJIBfNAT5DPgyY50OmgLhsudIz0-xC7_sVck0IdS94tK8LaoIy7RynvQchfYzScYFeoo5912kuoxdMMgY-SD4I5xzwyCL2bBCdQo5KGmWOfW3CyW6lwVuoZOR66IVWTCkqjJHq9wdHl1GR:1qvkJr:OwzLzN7z5vdZrpoHHtCe1ZG9_5jrLBxTqKo_S-HHmkQ", "expire_date": "2023-11-08T20:17:35.278Z"}}, {"model": "sessions.session", "pk": "9lrl76n2w07iejspxwkni3yzay73qf0f", "fields": {"session_data": ".eJxVjMsOwiAQRf-FtSE8pi24dO83kGEYpGogKe3K-O_apAvd3nPOfYmA21rC1nkJcxJnYcXpd4tID647SHestyap1XWZo9wVedAury3x83K4fwcFe_nWg_aaCJnAezZqQKcSIkQCzJQNegN6ApogRtDaeG91BjuO2Sl2hpV4fwDylzfF:1qOvzm:Ryf9kKl1XvGX0ZBlBF0Suv6FRgcTtfcdQuzM4niQbME", "expire_date": "2023-08-10T08:05:14.080Z"}}, {"model": "sessions.session", "pk": "dfk63351pi44bgb2tw89u37f2d92hyvr", "fields": {"session_data": ".eJxVjMsOwiAQRf-FtSE8pi24dO83kGEYpGogKe3K-O_apAvd3nPOfYmA21rC1nkJcxJnYcXpd4tID647SHestyap1XWZo9wVedAury3x83K4fwcFe_nWg_aaCJnAezZqQKcSIkQCzJQNegN6ApogRtDaeG91BjuO2Sl2hpV4fwDylzfF:1qMrU5:eV9f6GKMBNn7h8o8plvmGXR5QmbrQ4nKRidpXjAANso", "expire_date": "2023-08-04T14:51:57.039Z"}}, {"model": "sessions.session", "pk": "fdf6gddpchtvyifooxb26lo6bdq957qz", "fields": {"session_data": ".eJxVjksOwyAMBe_CuooAA_ns2osgY0CJGiVVIFKrqncviVi0S79nj-fNLO55tHsKm508G5hkl9_MId3DchQ4z0fcING6L7k5d2qdmmuZwpInwjyty61e_aFGTGPhOOM9SvAxghOSPJCJnVJGQPSSA-foA4heOudQRB6p471UmgRpaHV7-FWFk12fBm8xs0G0nAuQuu8b1WnQxhSFFFIqUjY8H9P2YgP_fAFMb1H0:1r3a9X:4vxK6QCiu66tjPSuIRWap9iHL32JWJY9yhbIzu8ez6c", "expire_date": "2023-11-30T11:03:19.486Z"}}, {"model": "sessions.session", "pk": "fvochqru39fxgb0144w7lzmt0cvsf2j7", "fields": {"session_data": ".eJxVjMsOwiAQRf-FtSE8pi24dO83kGEYpGogKe3K-O_apAvd3nPOfYmA21rC1nkJcxJnYcXpd4tID647SHestyap1XWZo9wVedAury3x83K4fwcFe_nWg_aaCJnAezZqQKcSIkQCzJQNegN6ApogRtDaeG91BjuO2Sl2hpV4fwDylzfF:1qUsME:nnHXs-8QF_SHMpFwTcsjny9uvmUCcka4PSGOTYSvzXo", "expire_date": "2023-08-26T17:24:58.943Z"}}, {"model": "sessions.session", "pk": "jv01mh5a2hc7i50ifi9auadiofyxf17p", "fields": {"session_data": ".eJxVjMsOwiAQRf-FtSE8pi24dO83kGEYpGogKe3K-O_apAvd3nPOfYmA21rC1nkJcxJnYcXpd4tID647SHestyap1XWZo9wVedAury3x83K4fwcFe_nWg_aaCJnAezZqQKcSIkQCzJQNegN6ApogRtDaeG91BjuO2Sl2hpV4fwDylzfF:1qMKbw:EDF9LILgfZjnGM-x6mn3skR134G5KT3MeTiR1QG8cGk", "expire_date": "2023-08-03T03:45:52.447Z"}}, {"model": "sessions.session", "pk": "kr8l3mn0hi0ttx53q7eefj7822gnoz5p", "fields": {"session_data": ".eJxVjMsOwiAQRf-FtSE8pi24dO83kGEYpGogKe3K-O_apAvd3nPOfYmA21rC1nkJcxJnYcXpd4tID647SHestyap1XWZo9wVedAury3x83K4fwcFe_nWg_aaCJnAezZqQKcSIkQCzJQNegN6ApogRtDaeG91BjuO2Sl2hpV4fwDylzfF:1qJql7:SBMJJhv-btoyiGezu5WZCERcQ46Y2tMMONosqUL7pB8", "expire_date": "2023-07-27T07:29:05.910Z"}}, {"model": "sessions.session", "pk": "lwr7opwmymk8dfyu949j1bswb5yh36d6", "fields": {"session_data": ".eJxVjDsOgzAQRO_iOrLA-JsyPWew1rtLTBLZEoYqyt0DEkXSjea9mbeIsK05bo2XOJO4CiMuv10CfHI5AD2g3KvEWtZlTvJQ5EmbHCvx63a6fwcZWt7XAcFq1xkTjPXWM6PprEuKJiLrkVyCwfDEPuBA3Hvao2LV64BKOZ3E5wvttTha:1qUr22:zrL0qC3z93N8Bmh5WDYvV9rRwsga1e1YF6dvowITcek", "expire_date": "2023-08-26T16:00:02.016Z"}}, {"model": "sessions.session", "pk": "nmvtapked4x19f2kr5b3b5b72lf09am2", "fields": {"session_data": ".eJxVjMsOwiAQRf-FtSE8pi24dO83kGEYpGogKe3K-O_apAvd3nPOfYmA21rC1nkJcxJnYcXpd4tID647SHestyap1XWZo9wVedAury3x83K4fwcFe_nWg_aaCJnAezZqQKcSIkQCzJQNegN6ApogRtDaeG91BjuO2Sl2hpV4fwDylzfF:1qIcQw:4FH-DCtkvHB8Ivw3MHH1VCF-dLqIWfnHRdFrDn5qC8M", "expire_date": "2023-07-23T21:59:10.758Z"}}, {"model": "sessions.session", "pk": "nno1vhftyyekc7y4xzckn8j0irsj29j6", "fields": {"session_data": ".eJxVjMsOwiAQRf-FtSE8pi24dO83kGEYpGogKe3K-O_apAvd3nPOfYmA21rC1nkJcxJnYcXpd4tID647SHestyap1XWZo9wVedAury3x83K4fwcFe_nWg_aaCJnAezZqQKcSIkQCzJQNegN6ApogRtDaeG91BjuO2Sl2hpV4fwDylzfF:1qJKGY:b351cSvmC1qSw1z_Wzdc2hNmCqtUX59GDc0l-mD3h6A", "expire_date": "2023-07-25T20:47:22.158Z"}}, {"model": "sessions.session", "pk": "ph6nn76i9fre1643bftz5xrxdpo59aip", "fields": {"session_data": ".eJxVjMsOwiAQRf-FtSE8pi24dO83kGEYpGogKe3K-O_apAvd3nPOfYmA21rC1nkJcxJnYcXpd4tID647SHestyap1XWZo9wVedAury3x83K4fwcFe_nWg_aaCJnAezZqQKcSIkQCzJQNegN6ApogRtDaeG91BjuO2Sl2hpV4fwDylzfF:1qI93h:6cAoKSvDtKmL-s9CfhJM1pzjDawhYpuReP4YUh0ePiY", "expire_date": "2023-07-22T14:37:13.807Z"}}, {"model": "sessions.session", "pk": "qa2k9k28ctxhoe5iirzkyfdk4sf5srld", "fields": {"session_data": ".eJxVjMsOwiAQRf-FtSE8pi24dO83kGEYpGogKe3K-O_apAvd3nPOfYmA21rC1nkJcxJnYcXpd4tID647SHestyap1XWZo9wVedAury3x83K4fwcFe_nWg_aaCJnAezZqQKcSIkQCzJQNegN6ApogRtDaeG91BjuO2Sl2hpV4fwDylzfF:1qVC02:oE_mS8_1CWeznbCNUpFDvkkzyyZClOglSLESMUG87kU", "expire_date": "2023-08-27T14:23:22.745Z"}}, {"model": "sessions.session", "pk": "uyhad0enp6yoehijjusk7kpo70tkhpat", "fields": {"session_data": ".eJxVjDsOgzAQRO_iOrLA-JsyPWew1rtLTBLZEoYqyt0DEkXSjea9mbeIsK05bo2XOJO4CiMuv10CfHI5AD2g3KvEWtZlTvJQ5EmbHCvx63a6fwcZWt7XAcFq1xkTjPXWM6PprEuKJiLrkVyCwfDEPuBA3Hvao2LV64BKOZ3E5wvttTha:1qUqiw:gjbIwoHHlFMHPXcBLQNIJYrF-BiCKvwKfCMAOY4yuwg", "expire_date": "2023-08-26T15:40:18.012Z"}}, {"model": "sessions.session", "pk": "xa1f4f0g2pif8q72zvj8wll3lgc5pwow", "fields": {"session_data": ".eJxVjMsOwiAQRf-FtSE8pi24dO83kGEYpGogKe3K-O_apAvd3nPOfYmA21rC1nkJcxJnYcXpd4tID647SHestyap1XWZo9wVedAury3x83K4fwcFe_nWg_aaCJnAezZqQKcSIkQCzJQNegN6ApogRtDaeG91BjuO2Sl2hpV4fwDylzfF:1qNFt7:FzxX79FSMtOf8vXlD-5H30zJQdUwF23EWN6KwumMXuM", "expire_date": "2023-08-05T16:55:25.815Z"}}, {"model": "sessions.session", "pk": "yjk28xbmhqkxm6no9i8gzti7gybcdtci", "fields": {"session_data": ".eJxVjMsOwiAQRf-FtSE8pi24dO83kGEYpGogKe3K-O_apAvd3nPOfYmA21rC1nkJcxJnYcXpd4tID647SHestyap1XWZo9wVedAury3x83K4fwcFe_nWg_aaCJnAezZqQKcSIkQCzJQNegN6ApogRtDaeG91BjuO2Sl2hpV4fwDylzfF:1qvcut:t5EaWmOgUT3LlU0I4_U8sYAELQXD9r06y6wWLLLrgZw", "expire_date": "2023-11-08T12:23:19.863Z"}}, {"model": "sites.site", "pk": 1, "fields": {"domain": "127.0.0.1", "name": "example.com"}}, {"model": "news.author", "pk": 1, "fields": {"autUser": 1, "ratingAut": 3}}, {"model": "news.author", "pk": 2, "fields": {"autUser": 2, "ratingAut": 3}}, {"model": "news.author", "pk": 3, "fields": {"autUser": 3, "ratingAut": 0}}, {"model": "news.author", "pk": 4, "fields": {"autUser": 11, "ratingAut": 0}}, {"model": "news.category", "pk": 1, "fields": {"name": "IT"}}, {"model": "news.category", "pk": 2, "fields": {"name": "TV"}}, {"model": "news.category", "pk": 3, "fields": {"name": "Muz"}}, {"model": "news.category", "pk": 4, "fields": {"name": "Liter"}}, {"model": "news.post", "pk": 1, "fields": {"author": 2, "type": "AR", "creationDate": "2023-06-29T22:51:27.986Z", "title": "Django Unchained", "content": "Режиссёр Квентин Тарантино\r\n\tВ главных ролях Джейми Фокс, Кристоф Вальц, Леонардо Ди Каприо, Керри Вашингтон и Сэмюэл Л. Джексон.\r\n\tXудожественный фильм 2012 года режиссёра Квентина Тарантино в жанре спагетти-вестерн. Главные роли исполнили Джейми Фокс, Кристоф Вальц, Леонардо Ди Каприо, Керри Вашингтон и Сэмюэл Л. Джексон. </p><p>Фильм был удостоен множественных наград и номинаций, в том числе пяти номинаций на 85-й церемонии вручения премии «Оскар», включая категорию «Лучший фильм года». За роль доктора Кинга Шульца Вальц был удостоен премий «Оскар», «Золотой глобус» и BAFTA в категории «Лучшая мужская роль второго плана». За свой сценарий Тарантино также получил премии «Оскар», «Золотой глобус» и BAFTA в категории «Лучший оригинальный сценарий»", "rating": 0}}, {"model": "news.post", "pk": 2, "fields": {"author": 2, "type": "AR", "creationDate": "2023-06-29T22:52:02.434Z", "title": "Go IT", "content": "IT – одно из самых желанных карьерных направлений последнего десятилетия. Эта сфера привлекает своими высокими зарплатами и большими перспективами: возможностью работать удаленно, устраиваться в международные компании и переезжать заграницу.  С одной стороны, все хотят «войти в IT», с другой стороны – далеко не все на это решаются, потому что не знают, с чего начать, и как вообще не запутаться во всех специальностях, языках программирования.", "rating": -1}}, {"model": "news.post", "pk": 3, "fields": {"author": 2, "type": "NW", "creationDate": "2023-06-29T22:52:22.033Z", "title": "ROCK is alive", "content": "People have been saying for years that \"rock is dead\", but in fact it is more alive than all the living. These are new youth performers of rap and electronic styles fading away in packs, and rock music as it was, and is. I personally know guys who have been ardent opponents of rock since childhood, but in the end, very legendary rock compositions are now in the playlists of these very opponents.", "rating": 4}}, {"model": "news.post", "pk": 4, "fields": {"author": 1, "type": "NW", "creationDate": "2023-07-10T22:51:27.986Z", "title": "Основы русского мата (сука)", "content": "В русском языке матерные выражения — это всегда очень специфические выражения. У матерного слова в русском языке всегда вполне конкретное значение, и чтобы выразить его не ругаясь, приходится подбирать слова и строить целые предложение. Русский мат — весьма необычное языковое явление. В отличии от ругательств в европейских языках, русский мат представляет собой нечто вроде альтернативного языка, который может заменить собой обычную речь. Вы наверняка неоднократно слышали, как, например, строители умудряются общаться исключительно матерными выражениями и при этом все равно понимают друг друга. Матерные слова могут заменить почти все части речи кроме, разве что, предлогов. Казалось бы, вот он — живой пример богатства русского языка. Однако, если присмотреться, можно понять, что все эти трех этажные конструкции формируются всего лишь из четырех общих корней основным матерных слов — хуй, пизда, ебать и блядь. Хотя раньше их было намного больше. Со временем некоторые или просто исчезли из широкого употребления, или стали чем-то вроде жаргонизма, утратив ругательное свойство. Например, слово «мудак». Оно имеет происхождение от старословянского слова «мудо», которое значило «яйцо» в обыденной речи и мужские тестикулы в жаргонном смысле. Раньше, у простого народа, слово мудак было вполне себе ругательным. Однако яркие «всадники» русского мата — те самые четыре слова — постепенно вытеснили более мягкого «м Источник статьи журнал Новости в фотографиях, у которого все копируют контент - BigPicture.ru удака» из разряда ругательств. Теперь даже на телевидении, в самом цензурируемом пространстве, это слово вполне могут допустить в эфир. Как пишет доктор филологических наук Валерий Михайлович Мокиенко «Основные „три кита“ русского мата… этимологически расшифровываются достаточно прилично: праславянское: «huj» — родственный слову хвоя «игла хвойного дерева, нечто колкое». «jebti» первоначально значило «бить, ударять» «pisьda» — «мочеиспускательный орган» Четвертый «кит» русского мата — слово «блядь» — происходит от слова «блуд» — блуждать, заблуждаться, ошибаться. Здесь и прямая связь со словом «блудница» — гулящая женщина. Что интересно, этимология слов «трахать» и «ебать» шли параллельно — сначала бить\\ударять, а позже «совокупляться». Уникально в русском мате используются заимствованные слова из других языков и не всегда в прямом значении. Например, намеренно искаженное слово «pederast» греческого происхождения, что просто обозначало гомосексуального мужчину. В русском — «пидарас» — в 99 случаев из 100 это слово используют для оскорбления человека в значении «плохой человек», а не «гомосексуалист». Даже иногда говорят, что «Гей и пидарас — не одно и то же. Вот этому нравятся мужчины — он гей, а тот обманывает людей, крадет, вот он — пидарас» И это слово означает вполне конкретное явление. Чтобы его выразить обычными словами, придется использовать множество слов. К тому же, все они не выразят эмоциональный вес оскорбления.", "rating": 0}}, {"model": "news.post", "pk": 5, "fields": {"author": 1, "type": "AR", "creationDate": "2023-07-10T22:52:22.033Z", "title": "Стих", "content": "Из-за леса, из-за гор Показал мужик топор, Но не просто показал Его к хую привязал.", "rating": 1}}, {"model": "news.post", "pk": 6, "fields": {"author": 1, "type": "NW", "creationDate": "2023-07-13T07:35:00.933Z", "title": "Microsoft патчит 130 уязвимостей, включая шесть уязвимостей нулевого дня", "content": "Июльские обновления Microsoft исправляют 132 уязвимости в продуктах компании, включая шесть активно эксплуатируемых 0-day, а также 37 багов, позволяющих осуществить удаленное выполнение произвольного кода.\r\n\r\nХотя в общей сложности в этом месяце было исправлено 37 RCE-багов, Microsoft сообщает, что только девять из них оцениваются как критические. При этом одна из RCE-проблем остается неисправленной и активно используется в атаках, которые уже обнаружили многочисленные ИБ-специалисты.\r\n\r\nВ список из шести уязвимостей нулевого дня, которые уже использовались в атаках, вошли:\r\n\r\nCVE-2023-32046 — уязвимость Windows MSHTML, связанная с несанкционированным повышением привилегий. Эксплуатировать этот баг можно через открытие специально созданного файла, полученного жертвой по электронной почте или через вредоносные сайты.\r\n\r\n«Злоумышленник получит права пользователя, запустившего уязвимое приложение», — сообщается в бюллетене Microsoft.\r\n\r\nCVE-2023-32049 — уязвимость, связанная с обходом защиты Windows SmartScreen. Злоумышленники пользовались этой уязвимостью, чтобы предотвратить отображение предупреждений об открытии файлов из интернета.\r\n\r\nCVE-2023-36874 — уязвимость в Reporting Service, связанная с повышением привилегий. Эта проблема позволяла злоумышленникам получить права администратора на устройстве под управлением Windows.\r\n\r\n«Злоумышленник должен иметь локальный доступ к целевой машине, а пользователь должен иметь возможность создавать папки и осуществлять трассировки на машине с ограниченными привилегиями, которыми по умолчанию обладают обычные пользователи», — сообщает Microsoft.\r\n\r\nCVE-2023-35311 — уязвимость обхода защитных функций в Microsoft Outlook. Проблема позволяет обойти предупреждения системы безопасности и работает в области предварительного просмотра.\r\n\r\nADV230001 — у этой проблемы нет собственного идентификатора CVE, но ее серьезность велика. Этот бюллетень безопасности рассказывает о том, что Microsoft отозвала сертификаты для подписи кода и блокировала учетные записи разработчиков, которые использовали лазейку в политике Windows для установки вредоносных драйверов режима ядра. Этой проблеме мы уже посвятили отдельную публикацию.\r\n\r\nCVE-2023-36884 — серия 0-day уязвимостей в Office и Windows, связанных с удаленным выполнением HTML- кода. Пожалуй, одна из наиболее серьезных проблем этого месяца, для которой, к тому же, пока нет патчей.\r\n\r\nВ настоящее время Microsoft выпустила только руководство по обнаружению этих публично раскрытых и неисправленных багов, которые позволяют удаленно выполнить код на целевой машине с помощью специально подготовленных документов Microsoft Office.\r\n\r\n«Корпорация Microsoft расследует сообщения о ряде уязвимостей удаленного выполнения кода, затрагивающих продукты Windows и Office. Microsoft известно о целенаправленных атаках, которые пытаются эксплуатировать эти уязвимости с помощью специально созданных документов Microsoft Office, — пишут в компании. — Злоумышленник может создать специально подготовленный документ Microsoft Office, который позволит ему удаленно выполнить код в контексте системы жертвы. Для этого злоумышленник должен убедить жертву открыть вредоносный файл».\r\n\r\nСообщается, что после завершении расследования Microsoft «предпримет необходимые действия для защиты клиентов», то есть выпустит необходимые для устранения проблемы патчи. Когда именно это пройдет, пока неизвестно.\r\n\r\nПока исправлений нет, Microsoft заявляет, что пользователи Microsoft Defender для Office и те, кто использует правило, запрещающее всем приложениям Office создание дочерних процессов, защищены от вредоносных документов, которые пытаются эксплуатировать эту проблему.\r\n\r\nТе, кто не использует эти средства защиты, могут добавить в раздел реестра HKEY_LOCAL_MACHINE\\SOFTWARE\\Policies\\Microsoft\\Internet Explorer\\Main\\FeatureControl\\FEATURE_BLOCK_CROSS_PROTOCOL_FILE_NAVIGATION следующие имена приложений в качестве значений типа REG_DWORD с data 1: Excel.exe, Graph.exe, MSAccess.exe, MSPub.exe, PowerPoint.exe, Visio.exe, WinProj.exe, WinWord.exe и Wordpad.exe.\r\n\r\n\r\n\r\nПри этом отмечается, что изменения в реестре могут повлиять на некоторые функции Microsoft Office, связанные с перечисленными выше приложениями.\r\n\r\nВ отдельном сообщении в блоге Microsoft рассказывает, что эксплуатацией CVE-2023-36884 уже занимаются хакеры из группировки RomCom (она же Storm-0978). Известно, что уязвимость использовалась в недавних атаках, направленных на организации, участвующие в саммите НАТО, который прошел в Вильнюсе на этой неделе.\r\n\r\nСообщается, что злоумышленники использовали для атак вредоносные документы, выдавая себя за организацию Ukrainian World Congress и распространяли таким образом малварь, включая загрузчик MagicSpell и бэкдор RomCom.\r\n\r\nRomCom — русскоязычная хак-группа, которую ранее связывали с вымогательскими атаками с использованием шифровальщиков, а также предположительно шпионскими кампаниями, направленными на кражу учетных данных.", "rating": 0}}, {"model": "news.post", "pk": 7, "fields": {"author": 2, "type": "NW", "creationDate": "2023-07-13T07:38:25.040Z", "title": "Российские компании атакуют рассылками с шифровальщиком PyCrypter", "content": "Центр кибербезопасности FACCT предупреждает о массовой рассылке вредоносных писем, нацеленной на российские промышленные, транспортные и IT-компании. В письмах, перехваченных 9 июля автоматизированной системой защиты электронной почты FACCT, получателям предложили использовать приложение CryptoBOSS для работы с криптовалютой и VPN.\r\n\r\nВ сообщении злоумышленники рекламируют «безопасный и полностью анонимный доступ ко всем валютам». Однако ссылка для скачивания бесплатной лицензии на самом деле ведет на загрузку шифровальщика PyCrypter.\r\n\r\n\r\n\r\nОтмечается, что домен, с которого загружается вредоносное ПО (crypto4boss[.]com) совсем свежий, зарегистрирован 6 июля, специально для этой атаки, на пользователя с почтой vladymir.stojanov@hotmail[.]com.\r\n\r\nИсследователи говорят, что эта учетная запись с юзернеймом Vladimir Stoyanov уже использовалась осенью 2022 года и весной 2023 года в рассылках другого шифровальщика — Cryptonite. Тогда в письмах от имени председателя правительства Михаила Мишустина предупреждалось об атаке некой шпионской программы, подготовленной  «американскими IT- специалистами».\r\n\r\n\r\n\r\nТогда от пользователей требовали скачать «программу от МВД», которая якобы удаляет малварь и защищает от повторного заражения. Но на самом деле по ссылке на Google Drive жертва загружала шифровальщик.\r\n\r\nТеперь эта история повторяется, одно на этот раз злоумышленники используют в качестве приманки криптовлютный обменник.\r\n\r\nНиже приведены индикаторы компрометации рассылки от 9 июля 2023 года.\r\n\r\nDomain:\r\ncrypto4boss[.]com\r\n\r\nRelevant sample SHA-256: crypto4bossetup.exe — 2867f0ae09b771bcd9ad56b77eb5b9b2e6c4f4ce826a55a35d28dbbf88bd2392", "rating": 0}}, {"model": "news.post", "pk": 8, "fields": {"author": 2, "type": "NW", "creationDate": "2023-07-13T07:39:46.027Z", "title": "Бывшего сотрудника обвинили в попытке взлома городских водоочистных систем", "content": "Бывшему сотруднику водоочистных сооружений в городе Дискавери Бэй, штат Калифорния, предъявили обвинения в умышленной попытке вызвать сбои в работе систем безопасности и защиты объекта. Судебные документы сообщают, что после увольнения 53-летний Рамблер Галло (Rambler Gallo) попытался удалить важные программные инструменты.\r\n\r\nДо увольнения Рамблер Галло работал в частной компании из Массачусетса, которая по контракту с Дискавери Бэй занималась управлением и обслуживанием городской водоочистной станции. C июля 2016 года по декабрь 2020 года Галло занимал там должность специалиста КИПиА.\r\n\r\nОбвинительное заключение гласит, что еще во время работы Галло установил ПО для дистанционного управления как в системы своего работодателя, так и на свой ПК, что позволяло ему удаленно контролировать показания приборов и управлять электромеханическими процессами на объекте.\r\n\r\nВ январе 2021 года Галло уволился, после чего использовал имевшийся в него удаленный доступ к сети объекта, чтобы попытаться саботировать работу водоочистных систем. В Министерстве юстиции США заявляют, что Галло умышленно отправлял удаленные команды на компьютеры водоочистной станции, стараясь удалить критически важное ПО, отвечающее за контроль давления, фильтрацию и уровень химических веществ в воде.\r\n\r\nПочему Галло совершил эти действия неизвестно, зато подчеркивается, что он поставил под угрозу здоровье и безопасность 15 000 жителей города Дискавери Бэй, который обслуживала водоочистная станция.\r\n\r\nЕсли его признают виновным, ему грозит максимальное наказание в виде 10 лет лишения свободы и штраф в размере 250 000 долларов.\r\n\r\nКак отмечают эксперты, этот случай лишь подчеркивает риски, связанные с управлением доступом к системам критической инфраструктуры (особенно если речь идеи о коммунальных предприятий, от работы которых зависит местное население). Неправильная практика обеспечения кибербезопасности в этой области может привести к значительному ущербу, который могут спровоцировать как действия недовольных сотрудников со слишком широким доступом, так и атаки хакеров.\r\n\r\nНужно сказать, что это уже не первый случай такого рода. В 2021 году во взломе систем местного водоканала обвинили 22-летнего жителя Канзаса Уайятта Травничека (Wyatt Travnichek).\r\n\r\nТогда власти сообщали, что Травничек взломал сеть сельского водного округа № 1 в Элсуорте и «выполнял действия, которые останавливали процессы на объекте и влияли на процедуры очистки и дезинфекции [воды], с целью нанести вред». При этом, как и в случае с Рамблером Галло, до атаки на водоочистные системы Травничек  работал на этом самом водоканале, и уволился незадолго до инцидента.", "rating": 0}}, {"model": "news.post", "pk": 9, "fields": {"author": 1, "type": "NW", "creationDate": "2023-07-13T07:40:57.996Z", "title": "Apple отозвала экстренные патчи для 0-day уязвимости: они блокировали работу сайтов", "content": "Инженеры Apple сообщают, что экстренные обновления безопасности, выпущенные на этой неделе для устранения уже находящейся под атаками 0-day уязвимости, мешали отображению некоторых сайтов. В итоге RSR-патчи были отозваны.\r\n\r\nНапомню, что ранее Apple обнародовала RSR-патчи (Rapid Security Response), исправляющие уязвимость нулевого дня (CVE-2023-37450), которая застрагивает пользователей iPhone, Mac и iPad. В компании предупреждали, что проблема, похоже, уже используется злоумышленникам.\r\n\r\nУязвимость была обнаружена в движке WebKit. Она позволяет злоумышленникам выполнять произвольный код на целевых устройствах, если злоумышленнику удастся обманом заставить цель открыть страницу, содержащую вредоносный контент.\r\n\r\nОднако теперь разработчики Apple отозвали эти обновления. В компании не объяснили, что именно произошло, и почему некоторые сайты работали некорректно после установки патчей. Судя по всему, было нарушено обнаружение user-agent некоторых сервисов (например, Zoom, Facebook* и Instagram*), и в результате сайты стали отображать ошибки при использовании Safari.\r\n\r\nК примеру, после применения обновлений на iOS-устройстве новым user agent, содержащим строку «(a)», становится Mozilla/5.0 (iPhone; CPU iPhone OS 16_5_1 like Mac OS X) AppleWebKit/605.1.15 (KHTML, like Gecko) Version/16.5.2 (a) Mobile/15E148 Safari/604.1. Это не позволяло сайтам определить его как допустимую версию Safari и приводило к появлению ошибок «браузер не поддерживается».\r\n\r\n«Apple известно о проблеме, из-за которой недавние Rapid Security Response могут мешать правильному отображению некоторых веб-сайтов, — сообщают в компании. — Для решения этой проблемы скоро будут доступны Rapid Security Response для iOS 16.5.1 (b), iPadOS 16.5.1 (b) и macOS 13.4.1 (b)».\r\n\r\nТеперь компания советует пользователям, которые уже установили проблемные обновления, удалить их, если у них возникают проблемы при просмотре сайтов.\r\n\r\nОтметим, что это не первые проблемы с RSR-патчами, возникшие у Apple. Выпуск первых «заплаток» такого рода тоже не совсем удался: в мае текущего года у некоторых пользователей возникли проблемы с установкой RSR-патчей на iPhone.\r\n\r\n* Принадлежит Meta Platforms, деятельность которой признана экстремисткой и запрещена в России.", "rating": 2}}, {"model": "news.post", "pk": 10, "fields": {"author": 1, "type": "NW", "creationDate": "2023-07-13T07:42:28.527Z", "title": "Энтузиасты запустили сайт для обновления старых версий Windows, включая 95, 98, NT 4.0, ME", "content": "Независимый проект Windows Update Restored, созданный поклонникам ретро-компьютеров, призван облегчить обновление старых версий Windows, включая 95, 98 и NT 4.0. Сайт предоставляет доступ к давно утраченным страницам Windows Update, которые работают со старыми версиями Windows и позволяют обновлять ОС.\r\n\r\nВ конечном итоге команда проекта надеется помочь тем людям, кто в наши дни устанавливает и обновляет системы с Windows 95, NT 4.0, 98, Me, 2000 и XP. Дело в том, что старые версии Windows в первую очередь полагались на работу веб-приложения Windows Update, а не на встроенные средства обновления, как это происходит сейчас. И примерно в середине 2011 года Microsoft закрыла версию сайта, которая могла сканировать и обновлять Windows 95 и 98.\r\n\r\nВ сущности, сайт Windows Update Restored представляет собой слегка измененную версию исходного сайта Microsoft, то есть является клоном сайта Windows Update v3.1 (1997 год), который охватывает Windows 95, NT 4.0 и Windows 98 (и SE). Сайт не использует SSL или TLS, поэтому старые версии Internet Explorer по-прежнему могут получить к нему доступ.\r\n\r\nДля доступа к обновлениям понадобится как минимум Internet Explorer 5. Так как этот браузер больше нельзя загрузить напрямую с сайта Microsoft, сайт Windows Update Restored предлагает ссылки для скачивания IE5 и IE5.5 на всех поддерживаемых языках.\r\n\r\nЛюди, стоящие за этим проектом, предупреждают посетителей, что Windows Update Restored не является официальным проектом и не поддерживается Microsoft, равно как и страницы обновлений, на которые ресурс ссылается. Разработчики пишут, что использовать все это можно только на свой страх и риск, а также подчеркивают, что страницы обновлений предназначены «только для архивных целей».\r\n\r\nТакже нужно отметить, что работающая версия Windows Update не делает старые операционные системы безопасными и пригодными для использования в современном интернете. Напомню, что обновления для Windows 95 были прекращены в 2001 году, а Windows 98 и ME перестали получать обновления в 2006 году.\r\n\r\nТем не менее, следующее видео наглядно демонстрирует, что сайт действительно работает и позволяет обновить старые ОС. Ролик начинается с обновления Windows 95 (пакет критических обновлений для этой ОС весил всего 3,1 МБ, обновление безопасности — всего 124 КБ, а самой большой загрузкой стал DirectX 8a, рекомендуемый, но необязательный, размером 11,2 МБ), и продолжается обновлением Windows NT4 до Service Pack 6a и Windows 98 SE, которая получает много важных и дополнительных пакетов обновлений.\r\n\r\nВ приведенной ниже таблице совместимости авторы проекта собрали адреса сайтов (левая колонка), на которые нужно указать Internet Explorer в соответствующих ОС, чтобы получить доступ к клонированным страницам Windows Update Restored. Так, Windows 95, NT 4.0 и Windows 98 (и SE) можно обновить по адресу v3.windowsupdaterestored.com.\r\n\r\nСтраницы Windows Update для Windows XP, Windows Server 2003, Windows Vista и более новых версий пока находятся в разработке. Сроки их появления раскрываются, но следить за обновлениями можно в этом треде на форуме MSFN. Windows Me и Windows 2000 так же пока не поддерживаются, но в видео упоминается запуск поддержки этих ОС в «ближайшем будущем».", "rating": 4}}, {"model": "news.post", "pk": 11, "fields": {"author": 2, "type": "NW", "creationDate": "2023-07-13T07:45:08.278Z", "title": "Сертификаты Let’s Encrypt не будут работать в Android 7 и более ранних версиях", "content": "Разработчики предупреждают, что начиная с 8 февраля 2024 года сертификаты Let’s Encrypt перестанут работать в Android 7 и более старых версиях мобильной ОС.\r\n\r\nСоздатели Let’s Encrypt вернулись к проблеме старых Android-устройств, о которой впервые заговорили еще в 2020 году.\r\n\r\nРазработчики напоминают, что после запуска сервиса им нужно было убедиться, что сертификаты Let’s Encrypt пользуются широким доверием. С этой целью была организована перекрестная подпись промежуточных сертификатов с IdenTrust DST Root X3. Это означало, что все сертификаты, выданные опосредованно, так же будут доверенными, даже если собственный ISRG Root X1 компании таковым еще не был.\r\n\r\nПроблемы начались, когда выяснилось, что в конце 2021 года истекает срок действия промежуточных сертификатов с перекрестными подписями, а также срок партнерства между Let's Encrypt и организацией IdenTrust, и продлять его не планировалось.\r\n\r\nХотя современные браузеры на тот момент уже доверяли корневому сертификату Let's Encrypt, более трети всех Android-устройств по-прежнему работали под управлением старых версий ОС, которые могли внезапно перестать доверять сайтам, использующим сертификаты Let's Encrypt.\r\n\r\nВ итоге предполагалось, что осенью 2021 года пользователи старых устройств начнут массово испытывать сложности с доступом к сайтам, а также получать сообщения об ошибках сертификатов. Тогда инженеры Let's Encrypt подсчитали, что на таких пользователей приходится примерно 1-5% всего трафика.\r\n\r\nТак как подобный глобальный сбой был недопустим, в компании решили проблему, организовав новую перекрестную подпись, которая должна была прослужить дольше самого DST Root CA X3. Эта временная мера позволила старым устройствам на базе Android продолжать доверять сертификатам компании еще три года. Однако срок вновь истекает 30 сентября 2024 года.\r\n\r\nКак пишут теперь разработчики, за последние три года процент устройств на Android, которые доверяют ISRG Root X1, вырос с 66% до 93,9%. Ожидается, что этот процент еще увеличится в течение следующего года, особенно когда выйдет Android 14, где появится возможность обновить корневые сертификаты без полного обновления ОС.\r\n\r\n\r\n\r\nТак как продолжать поддерживать совместимость более не нужно (и это поможет компании значительно снизить операционные расходы), в Let's Encrypt сообщают, что в период с 8 февраля 2024 года по 30 сентября 2024 года будет проведен отказ от старой перекрестной подписи. Из-за этого у владельцев старых устройств, работающих под управлением Android 7 и более старых версий операционной системы, возникнут проблемы.\r\n\r\n«Если вы используете Android 7.0 или более раннюю версию ОС, вам может потребоваться принять меры, чтобы обеспечить себе доступ к сайтам, защищенным сертификатами Let's Encrypt. Мы рекомендуем установить и использовать Firefox Mobile, который использует собственное хранилище доверенных сертификатов вместо хранилища доверенных сертификатов ОС Android и, следовательно, доверяет ISRG Root X1», — пишут разработчики.\r\n\r\nВладельцам сайтов, которые могут заметить падение трафика во втором и третьем кварталах 2024 года, рекомендуется дать своим посетителям такой же совет: использовать Firefox Mobile или обновить устройство.", "rating": 2}}, {"model": "news.post", "pk": 12, "fields": {"author": 2, "type": "NW", "creationDate": "2023-07-13T07:45:57.094Z", "title": "Firefox будет блокировать работу аддонов на некоторых сайтах ради безопасности", "content": "Разработчики Mozilla сообщили, что запуск некоторых аддонов на определенных сайтах может быть заблокирован новой функцией Quarantined Domains. Создатели Firefox объясняют, что это делается «по разным причинам, в том числе из соображений безопасности».\r\n\r\n\r\n\r\n«Мы представляем новую бэкэнд-функцию, позволяющую запускать на определенных сайтах только некоторые расширения, отслеживаемые Mozilla. [Это делается] по разным причинам, в том числе из соображений безопасности», — сообщается в примечаниях к выпуску Firefox 115.0, вышедшему на прошлой неделе.\r\n\r\nВ организации объясняют, что открытость экосистемы аддов может быть использована злоумышленниками в своих интересах.\r\n\r\n«Эта функция позволяет нам предотвращать атаки злоумышленников на определенные домены, в случаях, когда у нас есть основания предполагать существование вредоносных дополнений, которые мы еще не обнаружили» — говорят разработчики.\r\n\r\nОжидается, что начиная с версии Firefox 116 пользователи получат больший контроль над настройками каждого аддона. Подчеркивается, что функцию можно будет отключить, открыв в адресной строке about:config и установив значение false для параметра extensions.quarantinedDomains.enabled.\r\n\r\nНовая функциональность дополнит уже существующую в браузере Mozilla возможность удаленного отключения отдельных аддонов, представляющих риск для конфиденциальности и безопасности пользователей.\r\n\r\nПри этом ИБ-исследователи уже обнаружили, что в текущей имплементации предупреждения о запрете появляются только во всплывающем окне Extensions, и не связаны с иконкой Extensions. В результате, при закреплении аддона на панели инструментов, предупреждения не отображаются.\r\n\r\n\r\n\r\n«Оказывается, если вы закрепляете расширение на панели инструментов, оно больше не появляется во всплывающем окне Extensions, — пишет исследователь и разработчик аддонов Джефф Джонсон. — Следовательно, предупреждение о доменах, помещенных в карантин, больше не появляется во всплывающем окне Extensions. Фактически, всплывающего окна больше нет: при нажатии на значок панели инструментов Extensions просто открывается страница about:addons, на которой не отображается предупреждения о карантинных доменах.\r\n\r\nЭтот ужасный дизайн пользовательского интерфейса для новой, так называемой \"защитной\" функции, позволяет незаметно отключать расширения, при этом скрывая предупреждение от пользователя».\r\n\r\nВ Mozilla уже заверили, что намерены улучшить работу функции в будущих версиях браузера, хотя пока разработчики не называют конкретных сроков.", "rating": 1}}, {"model": "news.post", "pk": 13, "fields": {"author": 2, "type": "NW", "creationDate": "2023-07-13T07:47:08.586Z", "title": "Microsoft отозвала сертификаты, которыми подписали более 100 вредоносных драйверов ядра", "content": "Microsoft заблокировала сертификаты для подписи кода, которые в основном использовались китайскими хакерами и разработчиками для подписи и загрузки вредоносных драйверов режима ядра (Kernel-Mode Drivers) во взломанные системы. Более 100 вредоносных драйверов получили действительные подписи через Windows Hardware Compatibility Program (WHCP).\r\n\r\n«Злоумышленники используют несколько инструментов с открытым исходным кодом, которые изменяют дату подписания драйверов режима ядра для загрузки вредоносных и непроверенных драйверов, подписанных сертификатами с истекшим сроком действия, — сообщают специалисты. —  Это серьезная угроза, поскольку доступ к ядру обеспечивает полный доступ к системе и, следовательно, полную компрометацию».\r\n\r\nДел в том, что драйверы режима ядра работают с наивысшим уровнем привилегий в Windows (Ring 0), и предоставляют злоумышленникам полный доступ к целевой машине, облегчая скрытое закрепление в системе, необнаружимые кражи данных, а также давая хакерам возможность завершить практически любой процесс.\r\n\r\nДаже если на скомпрометированном устройстве работают защитные решения, драйвер режима ядра могут помешать их работе, отключить расширенную защиту или прицельно изменить конфигурацию, чтобы избежать обнаружения.\r\n\r\n\r\n\r\nЕще с релизом Windows Vista Microsoft внесла изменения в правила, ограничивающие загрузку драйверов режима ядра в операционную систему, требуя от разработчиков отправлять свои драйверы на проверку и подписывать их через портал разработчиков. Однако для предотвращения проблем со старыми приложениями, Microsoft ввела следующие исключения, которые по-прежнему позволяли осуществлять загрузку старых драйверов режима ядра:\r\n\r\nПК обновлен с более ранней версии Windows до Windows 10 версии 1607;\r\nSecure Boot отключен в BIOS;\r\nдрайверы подписаны сертификатом end-entity, выпущенным до 29 июля 2015 года, который связан с поддерживаемым удостоверяющим центром с перекрестной подписью.\r\n\r\nЗлоупотребления WHCP\r\nНа этой неделе Microsoft поблагодарила экспертов Sophos, Cisco Talos и Trend Micro за обнаружения множества вредоносных драйверов ядра и метода, который злоумышленники использовали для их подписания.\r\n\r\nКомпании заявляют, что драйверы созданы китайским киберпреступниками и использовались для запуска браузерной малвари, руткитов и игровых читов.\r\n\r\nВ своем отчете аналитики Cisco Talos рассказывают, что большинство вредоносных драйверов были созданы с помощью инструментов FuckCertVerify и HookSignTool. Эти инструменты существуют с 2018 и 2019 годов и позволяют злоумышленникам подписывать свои вредоносные полезные нагрузки, изменяя даты подписи вредоносных драйверов на даты до 29 июля 2015 года.\r\n\r\nFuckCertVerify и вовсе первоначально появился на GitHub в декабре 2018 года в качестве инструмента для читерства в играх.\r\n\r\n\r\nРелиз HookSignTool на китайском форуме\r\nИсследователи полагают, что где-то в апреле 2021 года некоторые китайские злоумышленники поняли, что могут использовать эти простые инструменты для злоупотребления вышеупомянутыми исключениями в программе Microsoft WHCP и подписания драйверов. Изменяя дату подписания, злоумышленники могли использовать старые, утекшие в сеть и  неаннулированные сертификаты для подписи драйверов и последующей загрузки их в Windows с целью повышения привилегий.\r\n\r\nК примеру, в отдельном отчете Cisco Talos детально разобран вредоносный драйвер RedDriver, подписанный с помощью HookSignTool. RedDriver — это браузерная малварь, которая способна перехватывать трафик в Chrome, Edge, Firefox, а также других браузерах, популярных в Китае (Liebao, QQ Browser, Sogou и UC Browser).\r\n\r\n«FuckCertVerifyTimeValidity работает аналогично HookSignTool и использует пакет Microsoft Detours для присоединения к вызову API CertVerifyTimeValidity и устанавливает временную отметку на выбранную дату, — объясняет Cisco Talos. —  Но, в отличие от HookSignTool, FuckCertVerifyTimeValidity не оставляет артефактов в бинарном файле, который подписывает, что очень затрудняет определение того, когда этот инструмент использовался».\r\n\r\nИсследователи пишут, что обнаружили в репозиториях на GitHub и на различных китайских форумах множество сертификатов, которые могут использоваться этими инструментами, и широко применяются для кряков игр и обхода проверок DRM.\r\n\r\nСообщается, что 13 сертификатами злоупотребляли чаще других. Три сертификата были получены еще в 2015 году, в результате взлома разработчика эксплоитов, компании Hacking Team. Остальные 10 были доступны в течение многих лет на китайском форуме, посвященном взлому ПО:\r\n\r\nOpen Source Developer, William Zoltan\r\nLuca Marcone\r\nHT Srl\r\nBeijing JoinHope Image Technology Ltd.\r\nShenzhen Luyoudashi Technology Co., Ltd.\r\nJiangsu innovation safety assessment Co., Ltd.\r\nBaoji zhihengtaiye co.,ltd\r\nZhuhai liancheng Technology Co., Ltd.\r\nFuqing Yuntan Network Tech Co.,Ltd.\r\nBeijing Chunbai Technology Development Co., Ltd\r\n绍兴易游网络科技有限公司\r\n善君 韦\r\nNHN USA Inc.\r\nВ Cisco Talos отмечают, что Microsoft не присвоила этой проблеме идентификатор CVE, поскольку компания не классифицирует ее как уязвимость.\r\n\r\nВ свою очередь, в отчете Sophos сообщается, что компания обнаружила более сотни вредоносных драйверов ядра, используемых в качестве «убийц EDR», то есть для прекращения работы защитного ПО, обычно защищенного от user mode программ.\r\n\r\nПосле публикации детальных отчетов экспертов, Microsoft отозвала связанные с вредоносной активностью сертификаты и заблокировала учетные записи разработчиков, злоупотреблявших этой лазейкой.\r\n\r\nТакже компания обновила отзывной список Windows Driver.STL и озаботилась обнаружением и блокировкой этих проблем (Microsoft Defender 1.391.3822.0 и новее), чтобы помочь защитить пользователей от легитимно подписанных драйверов, которые использовались для пост-эксплуатации с вредоносными целями.\r\n\r\nХотя сертификаты, обнаруженные исследователями, в настоящее время отозваны, эксперты подчеркивают, что риск пока не устранен. Дело в том, что другие сертификаты все еще остаются незащищенными или уже украдены, что позволяет злоумышленникам продолжать злоупотреблять этой лазейкой.", "rating": 1}}, {"model": "news.post", "pk": 14, "fields": {"author": 1, "type": "NW", "creationDate": "2023-07-13T07:50:54.987Z", "title": "Валерию Кипелову – 65: интересные факты из жизни рок-звезды", "content": "От андеграунда до тяжелого рока: восемь интересных фактов о Валерии Кипелове\r\nМОСКВА, 12 июл – РИА Новости. Сегодня юбилей у заслуженного артиста России Валерия Кипелова – ему исполнилось 65 лет. Песни в исполнении рок-звезды стали по-настоящему народными, а его узнаваемый вокал считается одним из самых сильных в российской музыке. Интересные факты из биографии исполнителя – в материале РИА Новости.\r\nЛидер группы Кипелов, экс-солист группы Ария Валерий Кипелов\r\nПервые шаги в карьере музыкант делал в ансамбле \"Шестеро молодых\", где выступал будущий лидер \"Любэ\" Николай Расторгуев.\r\n\r\nКипелов признавался, что в коллективе было необходимо танцевать, а ему это не нравилось.\r\n\r\n© Фото : предоставлено клубом А2\r\n1 из 8\r\nЛидер группы Кипелов Валерий Кипелов\r\nВалерий Кипелов – ярый футбольный болельщик и фанат московского \"Спартака\". В 2010 году он даже записал гимн ФК, автором которого выступили Виктор Дробыш и Роман Емельянов.\r\n\r\n© РИА Новости / Алексей Куденко\r\nПерейти в медиабанк\r\n2 из 8\r\nЛидер группы Кипелов Валерий Кипелов выступает на фестивале Рок над Волгой\r\nИсполнитель ведет здоровый образ жизни. Он перестал употреблять горячительные напитки еще в середине 1990-х годов, а в 2011-м бросил курить. По словам Кипелова, сейчас он больше всего любит чай.\r\n\r\n© РИА Новости / Юрий Стрелец\r\nПерейти в медиабанк\r\n3 из 8\r\nФестиваль нордической культуры в Мурманской области\r\nНесколько лет назад в Сети появился мем про левитирующий микрофон Кипелова.\r\n\r\nДело в том, что исполнитель во время выступлений часто перебрасывает его из одной руки в другую, а фотографам удается запечатлеть кадр с микрофоном на середине пути. Таким образом, фанаты придумали шутку про телекинез.\r\n\r\n© РИА Новости / Павел Львов\r\nПерейти в медиабанк\r\n4 из 8\r\nЛидер группы Кипелов Валерий Кипелов \r\nКипелов на протяжении многих лет предпочитает передвижению на личном транспорте московское метро.\r\n\r\nПо словам рокера, подземка для него – основной вид транспорта. Он отметил, что спокойнее себя чувствует, когда не стоит в пробках.\r\n\r\n© РИА Новости / Алексей Куденко\r\nПерейти в медиабанк\r\n5 из 8\r\nМузыкальный фестиваль Нашествие. День второй\r\nВалерия Кипелова упомянул писатель Сергей Лукьяненко в своей книге \"Дневной дозор\". Автор причислил музыканта к Темным Иным из-за хита \"Я свободен\".\r\n\r\n\"Если Кипелов – Иной, он Темный. Никто не сможет петь о свободе так. И никто, кроме Темных, не услышит в этой песне ее истинного, глубочайшего смысла!\" – говорится в произведении.\r\n\r\nСам музыкант не согласился с таким мнением о себе. Он сообщил, что если бы существовали Иные, он был бы Светлым.\r\n\r\n© РИА Новости / Владимир Астапкович\r\nПерейти в медиабанк\r\n6 из 8\r\nЛидер группы Кипелов Валерий Кипелов и гитарист Андрей Голованов выступают на XXIV Международном Байк-шоу Тень Вавилона \r\nПосле начала спецоперации музыкант поддержал ее. Он выступал в госпитале перед ранеными военнослужащими.\r\n\r\nПрошлой весной на одном из концертов Кипелов ответил на русофобские высказывания своего коллеги Юрия Шевчука, осудившего действия российских властей по отношению к Украине.\r\n\r\n\"Для меня родина – это вы. родина – это Юрий Гагарин, это наше Знамя Победы. Это великий хоккеист Валерий Харламов, это Чехов, это Чайковский. Это мои близкие, мои дети, мои внуки. Это все – моя родина\", – объявил со сцены исполнитель.\r\n\r\n© РИА Новости / Михаил Патлис\r\nПерейти в медиабанк\r\n7 из 8\r\nЛидер группы Кипелов Валерий Кипелов\r\nВ отличие от многих рок-звезд у Кипелова нет ни одной татуировки. Он шутил, что навряд ли бы стал лучшим музыкантом при наличии большого количества изображений на теле.", "rating": 0}}, {"model": "news.post", "pk": 15, "fields": {"author": 2, "type": "NW", "creationDate": "2023-07-13T07:53:04.399Z", "title": "В Витебске открылся фестиваль \"Славянский базар\"", "content": "В Витебске открылся фестиваль \"Славянский базар\" с российскими и белорусскими звездами\r\nАфиша открытия Международного фестиваля искусств Славянский базар в Витебске  - РИА Новости, 1920, 13.07.2023\r\n© Фото : Центр культуры \"Витебск\"\r\nМОСКВА, 13 июл – РИА Новости. В Витебске открылся 32-ой фестиваль искусств \"Славянский базар\", в котором примут участие творческие коллективы, художники и артисты из разных стран, сообщили на сайте события.\r\nВ дни фестиваля на площадках покажут театральные постановки, презентуют несколько выставок, в том числе о культуре Пакистана, а также проведут автомобильный заезд.\r\nНо большинство приезжает в Витебск ради конкурсов эстрадной песни, на которых музыканты представят жюри композиции, написанные авторами своей страны.\r\nОни также исполнят мировые хиты и песни славянских композиторов. По результатам выступлений будет выбран обладатель \"Гран-При\", лауреаты и дипломанты. Все победители получат денежные призы.\r\nРоссийские звезды выступят на открытии и закрытии. Среди них Александр Маршал, Елена Ваенга (Хрулева), Варвара (Алена Сусова), Слава (Анастасия Сланевская), группа \"На-На\" и многие другие. В ночь с 16 на 17 июля состоится гала-концерт \"Звезд Русского радио\", в котором примут участие Елена Север, ЮрКисс (Юрий Киселев), ВладиМир (Владимир Киселев), Анна Семенович и ST (Александр Степанов).\r\nВечером 17 июля перед концертным залом \"Витебск\" выступят рок-музыканты Вадим Самойлов, лидер группы \"Смысловые галлюцинации\" Сергей Бобунец и коллектив Skynet. Стас Пьеха, Дмитрий Маликов, Сергей Лазарев и Владимир Пресняков дадут сольные шоу в рамках программы.\r\nМузыкальный фестиваль \"Славянский базар\" проходит в Витебске с 1992 года. В международном конкурсе исполнителей эстрадной песни и международном детском конкурсе участвуют артисты из разных стран. В разные годы финалистами становились Таисия Повалий, Алексей Гоман, Наталья Подольская, Теона Дольникова и многие другие.", "rating": 1}}, {"model": "news.post", "pk": 16, "fields": {"author": 1, "type": "NW", "creationDate": "2023-07-13T07:54:47.919Z", "title": "Озвучена дата выхода мемуаров Бритни Спирс", "content": "Осенью американская певица Бритни Спирс выпустит мемуары\r\nНачало событий в новости Суд прекратил многолетнее опекунство над Бритни Спирс\r\n\r\nФото: Chris Pizzello / Invision / AP\r\n\r\nАмериканская поп-звезда Бритни Спирс озвучила дату выпуска мемуаров «Женщина во мне» (The Woman In Me) — книга выйдет 24 октября. Об этом сообщил People.\r\n\r\nВ книге обещают раскрыть «невероятное путешествие и силу одной из величайших исполнительниц в истории поп-музыки», а также подчеркнуть «важность женщины, которая рассказывает собственную историю на своих условиях», сказано в пресс-релизе издательства Gallery Books.\r\n\r\nБритни Спирс решила выпустить мемуары после прекращения над ней опеки, длившейся более 13 лет. В 2021 году, выступая перед судом, певица сказала: «Я просто хочу вернуть свою жизнь». В том же году было принято окончательное решение об отмене опекунства.\r\n\r\nВ издательстве книгу охарактеризовали как «смелую и удивительно трогательную историю о свободе, славе, материнстве, выживании, вере и надежде».\r\n\r\nПока американская певица Спирс выпускает историю своей жизни, другая поп-звезда Мадонна составила завещание в связи с болезнью. В нем она перечислила людей, которые получат право распоряжаться ее наследием.", "rating": 0}}, {"model": "news.post", "pk": 17, "fields": {"author": 1, "type": "NW", "creationDate": "2023-07-20T03:48:57.252Z", "title": "Впечатляющий мод делает Fallout 4 реалистичнее и хардкорнее", "content": "Энтузиаст Thumblesteen выпустил модификацию для Fallout 4, значительно улучшающую ИИ противников. Автор годами работал над тем, чтобы «полностью раскрыть» потенциал интеллекта врагов в игре.\r\n\r\n Источник изображения: DSOGaming \r\nИсточник изображения: DSOGaming\r\nThumblesteen попытался сделать поведение оппонентов более органичным, скорректировав ограничения, оставшиеся в игре как наследие консольных версий. Чтобы внести «тысячи улучшений», он перекалибровал сотни подпрограмм на уровне движка. «Это результат нескольких лет изучения системы ИИ в играх Bethesda, начиная с того времени, когда я делал моды для The Elder Scrolls III: Morrowind», — рассказал автор.\r\n\r\nВ оригинальной Fallout 4 противники существуют в своеобразном пузыре, ограничивающем их взаимодействие с миром. Мод real.AI «снимает шоры» с их глаз, убирая расставленные разработчиками невидимые барьеры. В результате враги получают доступ к большему количеству зданий, огневых позиций и элементов окружения, возможность обходить игрока с фланга и делать снайперские выстрелы с большего расстояния.\r\n\r\nЧтобы избежать проблемы сверхчувствительности врагов, моддер ввёл новые, более мягкие ограничения. Вырвавшиеся из пузыря оппоненты не станут бросаться на игрока независимо от условий: их восприятие теперь определяется расстоянием, зоной видимости, уровнем освещённости и множеством других факторов. Таким образом, их можно отвлечь, обмануть, сбить с пути и перехитрить, устроив засаду. Но стоит помнить, что враги могут сделать то же самое с игроком.", "rating": 2}}, {"model": "news.post", "pk": 18, "fields": {"author": 1, "type": "NW", "creationDate": "2023-07-20T03:51:01.273Z", "title": "Мы купили лэптоп за 15 000 рублей — и вам (не) советуем!", "content": "Понятие «дешевый ноутбук» скользкое, будто бы пойманная на зимней рыбалке щука. Эпитеты «доступная», «недорогая», «адекватная», «дешевая», применяемые к той или иной компьютерной технике, часто подвергаются сомнению. Как известно, всем не угодишь, и что для одного читателя действительно дорого, для другого является сущим пустяком. В моем понимании, словосочетание «дешевый ноутбук» ассоциируется с суммой до 30-35 тысяч рублей.\r\n\r\nПри этом 30 000 рублей сейчас и 30 000 рублей несколько лет назад — это, как говорят в Одессе, две большие разницы. За примерами далеко ходить не надо: летом 2020 года на нашем сайте выходила статья «Покупаем ноутбук дешевле 30 000 рублей: есть ли в этом смысл и можно ли вообще пользоваться таким устройством» — до сих пор популярное среди посетителей 3DNews чтиво, я вам доложу. С тех пор прошло три года — за это время обозначенная сумма под аккомпанемент всем известных событий превратилась из 434 в 332 доллара США. Выходит, сегодня перед нами стоит гораздо более сложная задача — найти интересные и достойные модели в категории «до 30 000 рублей», а заодно выяснить, насколько овчинка стоит выделки.", "rating": 1}}, {"model": "news.post", "pk": 19, "fields": {"author": 1, "type": "NW", "creationDate": "2023-07-20T03:53:16.066Z", "title": "Минцифры приостановит выдачу IT-грантов и проверит уже полученные   Подробнее на РБК", "content": "Минцифры проведет проверку и отменит финансирование в случае «сомнения в 100% чистоте» проекта. Об этом ведомство объявило на фоне задержания замминистра Максима Паршина, которого заподозрили в получении взятки на 3,5 млн руб.\r\nМинцифры до 1 сентября приостановит выдачу новых грантов на разработки в сфере IT, проверит компетенцию сотрудников основного оператора — Российского фонда развития информационных технологий (РФРИТ) и обновит состав комиссии и экспертов, которые оценивают поступающие заявки, сообщает ведомство.\r\nМинистерство собирается провести аудит выданных в 2022–2023 годах грантов; в случае «сомнения в 100% чистоте» проекты будут отменены. Также оно обещает исключить личное влияние своих сотрудников на решения о выдаче грантов и обеспечить прозрачность и публичность при выполнении таких проектов.\r\nКомиссию по проверке возглавит министр Максут Шадаев, в нее войдут представители основных ассоциаций в сфере IT.", "rating": 1}}, {"model": "news.post", "pk": 20, "fields": {"author": 1, "type": "NW", "creationDate": "2023-07-20T03:55:06.347Z", "title": "Шадаев заявил о возвращении IT-специалистов и без программы релокации", "content": "Глава Минцифры Шадаев: программа по возвращению IТ-специалистов в Россию не потребовалась\r\nПрограмма «обратной релокации» для IТ-специалистов, которая обсуждалась в Минцифры в 2022 году, не потребовалась — специалисты самостоятельно возвращаются в Россию. Об этом заявил глава Минцифры Максут Шадаев.\r\n«IТ-специалисты начали возвращаться. Сейчас мы делаем анализ и через неделю-две сможем сказать, сколько конкретно специалистов вернулось. Цифры достаточно значимые, IТ-компании говорят, что многие возвращаются», — заявил Шадаев.\r\nСреди факторов, которые повлияли на возвращение, Шадаев назвал отсрочку от армии и то, «что жизнь в России во многом лучше». Шадаев также анонсировал, что через неделю-две министерство представит данные, сколько специалистов уже вернулись.", "rating": 1}}, {"model": "news.post", "pk": 21, "fields": {"author": 2, "type": "NW", "creationDate": "2023-07-20T03:57:02.014Z", "title": "В Минцифры заявили о росте зарплат айтишников почти на 20%", "content": "Замглавы Минцифры Паршин: зарплаты в IT-сфере выросли на 19%\r\nКоличество занятых в IT-отрасли России сотрудников за 2022 год увеличилось на 12% — до 761 тыс. человек, зарплаты также выросли, рассказал замглавы Минцифры Максим Паршин.\r\n«Зарплаты увеличились на 19%, и зарплата в IT в два раза выше, чем в среднем по экономике», — сказал он на парламентских слушаниях комитета по просвещению в Госдуме (цитата по «РИА Новости»).\r\nВ то же время в IT-сфере наблюдается «колоссальный» дефицит кадров, утверждает Паршин. «Это тот стеклянный потолок, в который упирается IT-бизнес: дайте нам людей», — отметил он.", "rating": 2}}, {"model": "news.post", "pk": 22, "fields": {"author": 2, "type": "NW", "creationDate": "2023-07-20T03:59:08.956Z", "title": "Аналитики оценили падение российского рынка онлайн-игр в 80%", "content": "Рынок онлайн-игр в 2022 году упал на 80% из-за ухода западных компаний и релокации студий\r\nРоссийская ассоциация электронных коммуникаций оценила падение рынка онлайн-игр в 80% по итогам года. Динамику обеспечил отток мейджоров и релокация российских студий. Но аналитики считают, что отрасль быстро восстановится\r\nОфициальный рынок онлайн-игр в России по итогам 2022 года потерял 80% своего объема по сравнению с 2021 годом. Такую предварительную оценку показателям отрасли дал глава АНО «Цифровая экономика» Сергей Плуготаренко со ссылкой на данные Российской ассоциации электронных коммуникаций (РАЭК) в рамках конференции «Э+Игры». В 2021 году объем рынка онлайн-игр оценивался в 99,2 млрд руб., тогда рост год к году составлял 10%. Абсолютных цифр за 2022 год Плуготаренко не уточнил.\r\nЭксперт назвал три ключевые причины отрицательной динамики рынка игр: отток мейджоров, релокация российских студий и невозможность осуществления финансовых транзакций. Он также перечислил «барьеры» для развития отрасли: в их числе — отсутствие системного финансирования, «неясный социальный статус гейминга», низкая мотивация сотрудников студий и «несостоятельный диалог» между государством и разработчиками.\r\nПо словам аналитика РАЭК Марии Сайкиной, на падении показателей также сказались определенные особенности российского игрового рынка. В частности, до 90% поставщиков игрового контента до марта 2022 года были иностранные компании, а российские разработчики зависели от иностранного специализированного софта и зарубежных игровых платформ.", "rating": 3}}, {"model": "news.post", "pk": 24, "fields": {"author": 2, "type": "AR", "creationDate": "2023-10-27T13:30:01.517Z", "title": "ЧУжой Код", "content": "Чужой код⁠⁠\nМеня недавно спросили, почему программисты ненавидят работать с чужим кодом. Долго думал, как донести до обычного пользователя всю суть пиздеца. Решил привести небольшую аналогию:\n\n\n\nВот представь, что тебе доверили достроить за другим прорабом лабораторию на острове. Ты приходишь на объект, а там кроме недостроенного здания: огромный вентилятор (размером со здание), большой воздушный шар и комната набитая швабрами. Почесав голову, ты разбираешь этот хлам и доделываешь лабораторию. Сдаешь объект ученным, но через 5 минут они выбегают с криком: \"УТЕЧКА ЯДОВИТОГО ГАЗА!!!\".\n\n- Как так-то, блять! Должно же работать! - в отчаянии кричишь ты и звонишь прошлому прорабу:\n\n- Вася, у нас ядовитый газ потёк! В чем проблема?\n\n- Не знаю, должно было все работать. Что-то в проекте менял?\n\n- Немного, швабры вынес...\n\n- Швабры потолок держали!\n\n- Что??? Что, блять, извините???\n\n- Говорю, швабры потолок держали. Над ними цистерны с газом были. Очень тяжелые, пришлось в комнату снизу швабры напихать.\n\n- Ты хотя бы записку на двери повесил бы, что швабры для держания потолка! У нас тут ядовитый газ течет! Что нам делать?\n\n- Включай вентилятор. Он сдует газ с острова.\n\n- Я его, блять, демонтировал сразу же!\n\n- Зачем?\n\n- Зачем ты построил 120 тонный вентилятор? Ты не мог положить ящик блядских ПРОТИВОГАЗОВ?\n\n- Ящик противогазов искать нужно, а вентилятор у меня с прошлого заказа оставался.\n\n- Вася, я убрал твой вентилятор! Мы тут задыхаемся!\n\n- Херли вы тогда там делаете? Садитесь на воздушный шар и уебывайте!", "rating": 9}}, {"model": "news.post", "pk": 45, "fields": {"author": 2, "type": "AR", "creationDate": "2023-10-27T13:30:01.517Z", "title": "Фишинг в соцсетях. Как социальные сети помогают хакерам", "content": "При пентестах социальные сети часто обходят стороной — они считаются личным пространством пользователя. Тем не менее для злоумышленников социальные сети — незаменимый источник информации. Сегодня мы поговорим о том, как пентестеры могут использовать их в своей работе.\r\nWARNING\r\nСтатья имеет ознакомительный характер и предназначена для специалистов по безопасности, проводящих тестирование в рамках контракта. Автор и редакция не несут ответственности за любой вред, причиненный с применением изложенной информации. Распространение вредоносных программ, нарушение работы систем и нарушение тайны переписки преследуются по закону.\r\n\r\nЗачем злоумышленнику атаковать сотрудника в социальной сети?\r\n\r\nСотрудник может отправить «коллеге» конфиденциальную информацию.\r\nЗлоумышленник может получить доступ к личному телефону или компьютеру сотрудника. Если на устройстве есть VPN, который подключается к сети организации, считай, что злоумышленник уже «гуляет» по корпоративному серверу или рассылает фишинговые письма другим сотрудникам.\r\nЕсли в организации слабая парольная политика, то сотрудник будет использовать одинаковый или схожий пароль к соцсети и к ресурсам организации.\r\nВот такое сообщение может прислать злоумышленник, чтобы преодолеть двухфакторную аутентификацию, использующую автоматический звонок как второй фактор.\r\n\r\nПример сообщения от злоумышленникаПример сообщения от злоумышленника\r\nПриведенный выше пример, конечно, не для корпоративного мира, а для простых граждан, но он может пригодиться, когда нужно пройти такой вид аутентификации в корпоративном ПО.\r\n\r\n \r\nПОДГОТОВКА\r\nПеред тем как проверять осведомленность сотрудника в соцсети, нам, конечно, понадобится аккаунт в ней (скорее даже несколько). Аккаунт можно создать или купить (пишешь в поисковике «купить аккаунт в ...»). Только не покупай «лом» (взломанный аккаунт), за угнанные аккаунты по голове не погладят даже при использовании в законном пентесте.\r\n\r\nПотребуются женские аккаунты, неважно, какого пола наша цель. В большинстве случаев нашему фейку должно быть около 35–45 лет. Эротических фото размещать не надо. Обычная женщина.\r\n\r\nФотографию на аватарку генерируем с помощью нейронных сетей на сайте thispersondoesnotexist.com. Результат генерации, как правило, выглядит довольно реалистичным.\r\n\r\nПримеры сгенерированной «фотографии»Примеры сгенерированной «фотографии»\r\nС использованием такой фотографии соцсеть автоматически не забанит тебя за воровство фото из других аккаунтов. Остальные фотографии берем с людьми, но без лиц. Трех‑пяти снимков будет достаточно. Для получения уникальных фото отлично подойдут скриншоты из видео.\r\n\r\nПодписывать фотографии важно «по‑человечески», эмоционально, чтобы создавалось впечатление, что они не фейковые. Непрофессиональные фотографии природы тоже подойдут, но не забываем о подписях, например «Зима в разгаре».\r\n\r\nПример бытовой непрофессиональной фотографииПример бытовой непрофессиональной фотографии\r\nЗаполняем остальные поля в профиле по настроению: школа, вуз и так далее. Место работы не пишем, но можно написать, что ты HR, если собираешься общаться с жертвами в этой роли.\r\n\r\nЕсли ты создал аккаунт с нуля, нужно добавить ему «историю». На стене должны быть какие‑то записи в прошедшем времени. В «запрещенной в России соцсети» легче всего создать себе аккаунт десятилетней давности. Алгоритм действий очень простой.\r\n\r\nПубликуем пост с настройкой видимости «Только я».\r\n\r\nПример настройки видимости постаПример настройки видимости поста\r\nЖмем на расположенную справа кнопку вызова меню и меняем дату на три‑четыре года назад.\r\n\r\nИзменение даты публикации постаИзменение даты публикации поста\r\nРазмещаем таким образом 8–10 постов.\r\n\r\nТеперь нужно «набить» друзей в аккаунт. Кто у нас любит знакомиться с новыми людьми, даже если не знает их? Правильно, участники соответствующих тематических групп.\r\n\r\nПоиск тематических группПоиск тематических групп\r\nДобавляемся в первую попавшуюся группу и в разделе «Участники» видим десятки тысяч наших потенциальных друзей. Открываем их профили и напрашиваемся в друзья к 20–30 людям. Как только тебя добавит несколько человек, иди к ним в профили в раздел «Друзья» и отправляй заявки в друзья их друзьям (как много слов «друзья» в одном предложении, но что поделать, дальше будет еще больше).\r\n\r\nЛюди, которым будут приходить твои заявки, увидят, что у вас есть общий друг, и с большей вероятностью добавят тебя в свой круг общения. Спустя час я таким способом набирал по 500–600 человек.\r\n\r\nНо для наших целей достаточно и 100–200 человек. Чтобы облегчить старт раскрутки, можно купить аккаунт с друзьями. Стоит он около 40–50 рублей, а в друзьях уже будет 50–100 профилей.\r\n\r\nТеперь нужно добавлять целевых друзей. Для этого ищем людей по названию организации.\r\n\r\nПример поиска сотрудников какой-либо организацииПример поиска сотрудников какой‑либо организации\r\nДобавляем человек десять, не больше, и ждем, когда нас примут в друзья. Теперь отправляем заявки всем остальным, кого мы смогли найти. Доверия к нашему профилю будет больше, если у нас в друзьях уже числится коллега из организации жертвы. Если сотрудников таким способом нашлось немного, придется идти в другие соцсети и искать людей там.\r\n\r\nПример поиска организации в LinkedInПример поиска организации в LinkedIn\r\nНа странице организации видим список сотрудников и пытаемся найти их в основной социальной сети, чтобы добавить в друзья.\r\n\r\nА еще совсем нехороший человек может стать SMM-рейдером, то есть присвоить себе группу в LinkedIn, у которой пока нет владельца (см. скриншот ниже), но сейчас не об этом.\r\n\r\nПример сообщения на странице банка, у которой нет владельцаПример сообщения на странице банка, у которой нет владельца", "rating": 0}}, {"model": "news.post", "pk": 46, "fields": {"author": 4, "type": "NW", "creationDate": "2023-10-27T13:37:17.426Z", "title": "Правоохранители закрыли сайты вымогательской группировки Ragnar Locker", "content": "В рамках международной операции правоохранительных органов в даркнете захвачены сайты хак-группы Ragnar Locker, через которые злоумышленники вели переговоры со своими жертвами, а также сливали украденные данные, чтобы шантажировать пострадавших.\r\n\r\nТеперь при посещении любого из сайтов Ragnar Locker можно увидеть сообщение-заглушку, в котором говорится о конфискации сайтов, а также сообщается, что в этой операции принимали участие правоохранительные органы из США, Европы, Германии, Франции, Италии, Японии, Испании, Нидерландов, Чехии и Латвии.\r\n\r\n\r\nФото: Bleeping Computer\r\nСМИ, со ссылкой на представителей Европола, пишут, что правоохранители уже подтвердили подлинность этого сообщения и обещают в скором времени опубликовать развернутый пресс-релиз. Пока же в Европоле отказались предоставить дополнительную информацию об операции, поскольку «ряд мероприятий еще продолжается».\r\n\r\nRagnar Locker (он же Ragnar_Locker и RagnarLocker) — одна из самых «старых» на данный момент вымогательских группировок, созданная еще в конце 2019 года. Как и другие вымогатели, Ragnar Locker взламывала корпоративные сети, заражала как можно больше устройств, собирая с них все возможные данные, а затем шифровала компьютеры в сети жертвы. Зашифрованные файлы и украденная информация использовались в качестве рычагов давления на пострадавших, чтобы вынудить компанию платить.\r\n\r\nПри этом, в отличие от большинства других вымогателей на рынке, Ragnar Locker не считается RaaS-сервисом (Ransomware-as-a-Service, «Вымогатель-как-услуга»), то есть создатели вредоноса не привлекали к делу сторонних партнеров, которые обычно отвечают за взлом корпоративных сетей и внедрение малвари за определенный процент от полученных выкупов.\r\n\r\nКроме того, порой эта группировка проводила чисто вымогательские атаки, построенные исключительно на краже данных и шантаже, без применения шифровальщика.", "rating": 6}}, {"model": "news.postcategory", "pk": 1, "fields": {"postThrough": 1, "categoryThrough": 2}}, {"model": "news.postcategory", "pk": 2, "fields": {"postThrough": 2, "categoryThrough": 1}}, {"model": "news.postcategory", "pk": 3, "fields": {"postThrough": 3, "categoryThrough": 3}}, {"model": "news.postcategory", "pk": 4, "fields": {"postThrough": 4, "categoryThrough": 4}}, {"model": "news.postcategory", "pk": 5, "fields": {"postThrough": 5, "categoryThrough": 4}}, {"model": "news.postcategory", "pk": 6, "fields": {"postThrough": 6, "categoryThrough": 1}}, {"model": "news.postcategory", "pk": 7, "fields": {"postThrough": 7, "categoryThrough": 1}}, {"model": "news.postcategory", "pk": 8, "fields": {"postThrough": 8, "categoryThrough": 1}}, {"model": "news.postcategory", "pk": 9, "fields": {"postThrough": 9, "categoryThrough": 1}}, {"model": "news.postcategory", "pk": 10, "fields": {"postThrough": 10, "categoryThrough": 1}}, {"model": "news.postcategory", "pk": 11, "fields": {"postThrough": 11, "categoryThrough": 1}}, {"model": "news.postcategory", "pk": 12, "fields": {"postThrough": 12, "categoryThrough": 1}}, {"model": "news.postcategory", "pk": 13, "fields": {"postThrough": 13, "categoryThrough": 1}}, {"model": "news.postcategory", "pk": 14, "fields": {"postThrough": 14, "categoryThrough": 3}}, {"model": "news.postcategory", "pk": 15, "fields": {"postThrough": 15, "categoryThrough": 3}}, {"model": "news.postcategory", "pk": 36, "fields": {"postThrough": 45, "categoryThrough": 1}}, {"model": "news.postcategory", "pk": 37, "fields": {"postThrough": 46, "categoryThrough": 1}}, {"model": "news.comment", "pk": 1, "fields": {"commentPost": 1, "commentUser": 1, "text": "Comment 1", "dateCreation": "2023-06-29T23:39:07.566Z", "rating": 2}}, {"model": "news.comment", "pk": 2, "fields": {"commentPost": 2, "commentUser": 2, "text": "Comment for the sake of comment", "dateCreation": "2023-06-29T23:40:36.985Z", "rating": -1}}, {"model": "news.comment", "pk": 3, "fields": {"commentPost": 2, "commentUser": 1, "text": "Comment 3", "dateCreation": "2023-06-29T23:41:05.249Z", "rating": 1}}, {"model": "news.comment", "pk": 4, "fields": {"commentPost": 3, "commentUser": 2, "text": "Комментарий 4", "dateCreation": "2023-06-29T23:41:32.399Z", "rating": 1}}, {"model": "subscriptions.subscriber", "pk": 15, "fields": {"user": 11, "category": 1}}, {"model": "subscriptions.subscriber", "pk": 16, "fields": {"user": 12, "category": 1}}, {"model": "subscriptions.subscriber", "pk": 17, "fields": {"user": 12, "category": 4}}, {"model": "subscriptions.subscriber", "pk": 18, "fields": {"user": 12, "category": 3}}, {"model": "subscriptions.subscriber", "pk": 19, "fields": {"user": 12, "category": 2}}, {"model": "subscriptions.subscriber", "pk": 20, "fields": {"user": 2, "category": 1}}, {"model": "django_apscheduler.djangojob", "pk": "delete_old_job_executions", "fields": {"next_run_time": "2023-10-29T21:00:00Z", "job_state": "gAWVWQQAAAAAAAB9lCiMB3ZlcnNpb26USwGMAmlklIwZZGVsZXRlX29sZF9qb2JfZXhlY3V0aW9uc5SMBGZ1bmOUjEFuZXdzLm1hbmFnZW1lbnQuY29tbWFuZHMucnVuYXBzY2hlZHVsZXI6ZGVsZXRlX29sZF9qb2JfZXhlY3V0aW9uc5SMB3RyaWdnZXKUjBlhcHNjaGVkdWxlci50cmlnZ2Vycy5jcm9ulIwLQ3JvblRyaWdnZXKUk5QpgZR9lChoAUsCjAh0aW1lem9uZZSMCGJ1aWx0aW5zlIwHZ2V0YXR0cpSTlIwIem9uZWluZm+UjAhab25lSW5mb5STlIwJX3VucGlja2xllIaUUpSMDUV1cm9wZS9Nb3Njb3eUSwGGlFKUjApzdGFydF9kYXRllE6MCGVuZF9kYXRllE6MBmZpZWxkc5RdlCiMIGFwc2NoZWR1bGVyLnRyaWdnZXJzLmNyb24uZmllbGRzlIwJQmFzZUZpZWxklJOUKYGUfZQojARuYW1llIwEeWVhcpSMCmlzX2RlZmF1bHSUiIwLZXhwcmVzc2lvbnOUXZSMJWFwc2NoZWR1bGVyLnRyaWdnZXJzLmNyb24uZXhwcmVzc2lvbnOUjA1BbGxFeHByZXNzaW9ulJOUKYGUfZSMBHN0ZXCUTnNiYXViaB2MCk1vbnRoRmllbGSUk5QpgZR9lChoIowFbW9udGiUaCSIaCVdlGgpKYGUfZRoLE5zYmF1YmgdjA9EYXlPZk1vbnRoRmllbGSUk5QpgZR9lChoIowDZGF5lGgkiGglXZRoKSmBlH2UaCxOc2JhdWJoHYwJV2Vla0ZpZWxklJOUKYGUfZQoaCKMBHdlZWuUaCSIaCVdlGgpKYGUfZRoLE5zYmF1YmgdjA5EYXlPZldlZWtGaWVsZJSTlCmBlH2UKGgijAtkYXlfb2Zfd2Vla5RoJIloJV2UaCeMFldlZWtkYXlSYW5nZUV4cHJlc3Npb26Uk5QpgZR9lChoLE6MBWZpcnN0lEsAjARsYXN0lEsAdWJhdWJoHymBlH2UKGgijARob3VylGgkiWglXZRoJ4wPUmFuZ2VFeHByZXNzaW9ulJOUKYGUfZQoaCxOaE9LAGhQSwB1YmF1YmgfKYGUfZQoaCKMBm1pbnV0ZZRoJIloJV2UaFYpgZR9lChoLE5oT0sAaFBLAHViYXViaB8pgZR9lChoIowGc2Vjb25klGgkiGglXZRoVimBlH2UKGgsTmhPSwBoUEsAdWJhdWJljAZqaXR0ZXKUTnVijAhleGVjdXRvcpSMB2RlZmF1bHSUjARhcmdzlCmMBmt3YXJnc5R9lGgiaAOMEm1pc2ZpcmVfZ3JhY2VfdGltZZRLAYwIY29hbGVzY2WUiIwNbWF4X2luc3RhbmNlc5RLAYwNbmV4dF9ydW5fdGltZZSMCGRhdGV0aW1llIwIZGF0ZXRpbWWUk5RDCgfnCh4AAAAAAACUaBiGlFKUdS4="}}, {"model": "django_apscheduler.djangojob", "pk": "send_weekly_emails", "fields": {"next_run_time": "2023-11-03T15:00:00Z", "job_state": "gAWVSwQAAAAAAAB9lCiMB3ZlcnNpb26USwGMAmlklIwSc2VuZF93ZWVrbHlfZW1haWxzlIwEZnVuY5SMOm5ld3MubWFuYWdlbWVudC5jb21tYW5kcy5ydW5hcHNjaGVkdWxlcjpzZW5kX3dlZWtseV9lbWFpbHOUjAd0cmlnZ2VylIwZYXBzY2hlZHVsZXIudHJpZ2dlcnMuY3JvbpSMC0Nyb25UcmlnZ2VylJOUKYGUfZQoaAFLAowIdGltZXpvbmWUjAhidWlsdGluc5SMB2dldGF0dHKUk5SMCHpvbmVpbmZvlIwIWm9uZUluZm+Uk5SMCV91bnBpY2tsZZSGlFKUjA1FdXJvcGUvTW9zY293lEsBhpRSlIwKc3RhcnRfZGF0ZZROjAhlbmRfZGF0ZZROjAZmaWVsZHOUXZQojCBhcHNjaGVkdWxlci50cmlnZ2Vycy5jcm9uLmZpZWxkc5SMCUJhc2VGaWVsZJSTlCmBlH2UKIwEbmFtZZSMBHllYXKUjAppc19kZWZhdWx0lIiMC2V4cHJlc3Npb25zlF2UjCVhcHNjaGVkdWxlci50cmlnZ2Vycy5jcm9uLmV4cHJlc3Npb25zlIwNQWxsRXhwcmVzc2lvbpSTlCmBlH2UjARzdGVwlE5zYmF1YmgdjApNb250aEZpZWxklJOUKYGUfZQoaCKMBW1vbnRolGgkiGglXZRoKSmBlH2UaCxOc2JhdWJoHYwPRGF5T2ZNb250aEZpZWxklJOUKYGUfZQoaCKMA2RheZRoJIhoJV2UaCkpgZR9lGgsTnNiYXViaB2MCVdlZWtGaWVsZJSTlCmBlH2UKGgijAR3ZWVrlGgkiGglXZRoKSmBlH2UaCxOc2JhdWJoHYwORGF5T2ZXZWVrRmllbGSUk5QpgZR9lChoIowLZGF5X29mX3dlZWuUaCSJaCVdlGgnjBZXZWVrZGF5UmFuZ2VFeHByZXNzaW9ulJOUKYGUfZQoaCxOjAVmaXJzdJRLBIwEbGFzdJRLBHViYXViaB8pgZR9lChoIowEaG91cpRoJIloJV2UaCeMD1JhbmdlRXhwcmVzc2lvbpSTlCmBlH2UKGgsTmhPSxJoUEsSdWJhdWJoHymBlH2UKGgijAZtaW51dGWUaCSJaCVdlGhWKYGUfZQoaCxOaE9LAGhQSwB1YmF1YmgfKYGUfZQoaCKMBnNlY29uZJRoJIhoJV2UaFYpgZR9lChoLE5oT0sAaFBLAHViYXViZYwGaml0dGVylE51YowIZXhlY3V0b3KUjAdkZWZhdWx0lIwEYXJnc5QpjAZrd2FyZ3OUfZRoImgDjBJtaXNmaXJlX2dyYWNlX3RpbWWUSwGMCGNvYWxlc2NllIiMDW1heF9pbnN0YW5jZXOUSwGMDW5leHRfcnVuX3RpbWWUjAhkYXRldGltZZSMCGRhdGV0aW1llJOUQwoH5wsDEgAAAAAAlGgYhpRSlHUu"}}, {"model": "django_apscheduler.djangojobexecution", "pk": 1, "fields": {"job": "send_weekly_emails", "status": "Executed", "run_time": "2023-10-27T17:18:00Z", "duration": "0.04", "finished": "1698427080.04", "exception": null, "traceback": null}}, {"model": "account.emailaddress", "pk": 2, "fields": {"user": 8, "email": "SHUM75@yandex.ru", "verified": true, "primary": true}}, {"model": "account.emailaddress", "pk": 4, "fields": {"user": 10, "email": "kr@ya.com", "verified": false, "primary": true}}, {"model": "account.emailaddress", "pk": 5, "fields": {"user": 11, "email": "Andrey1@mail.com", "verified": true, "primary": true}}, {"model": "account.emailaddress", "pk": 6, "fields": {"user": 12, "email": "Andrey2@mail.com", "verified": true, "primary": true}}, {"model": "account.emailaddress", "pk": 7, "fields": {"user": 2, "email": "Andrey@mail.com", "verified": true, "primary": true}}, {"model": "account.emailaddress", "pk": 8, "fields": {"user": 1, "email": "user@gmail.com", "verified": true, "primary": true}}, {"model": "socialaccount.socialapp", "pk": 1, "fields": {"provider": "yandex", "provider_id": "", "name": "Yandex_Name", "client_id": "5e4a1826018a49369676a3ecf93df456", "secret": "020a2d69bf5d44beac443f609320f863", "key": "", "settings": {}, "sites": [1]}}, {"model": "socialaccount.socialaccount", "pk": 1, "fields": {"user": 8, "provider": "yandex", "uid": "20175379", "last_login": "2023-08-13T16:49:37.480Z", "date_joined": "2023-08-12T15:43:36.008Z", "extra_data": "{\"id\": \"20175379\", \"login\": \"SHUM75\", \"client_id\": \"5e4a1826018a49369676a3ecf93df456\", \"display_name\": \"SHUM75\", \"real_name\": \"\\u0410\\u043d\\u0434\\u0440\\u0435\\u0439 \\u0428\\u0443\\u043c\\u0430\\u043a\\u043e\\u0432\", \"first_name\": \"\\u0410\\u043d\\u0434\\u0440\\u0435\\u0439\", \"last_name\": \"\\u0428\\u0443\\u043c\\u0430\\u043a\\u043e\\u0432\", \"sex\": \"male\", \"default_email\": \"SHUM75@yandex.ru\", \"emails\": [\"SHUM75@yandex.ru\"], \"psuid\": \"1.AApTsg.yO2nbtjrbvB-5xDqWAdgvA.hLn6dc0_9gF4Gjsd3IZLMg\"}"}}]